优先级,类型,品牌,网址
1,category,3peak,https://ic-distributor.com/3peak/products/data-converters/
1,category,aipu,https://ic-distributor.com/aipu/products/ac-dc-power-modules/
1,category,aipu,https://ic-distributor.com/aipu/products/dc-dc-wide-input/
1,category,aishi,https://ic-distributor.com/aishi/products/radial-lead-capacitors/
1,category,aishi,https://ic-distributor.com/aishi/products/solid-polymer-capacitors/
1,support-index,allegro,https://ic-distributor.com/allegro/support/
1,category,amec,https://ic-distributor.com/amec/products/etching-equipment/
1,category,amec,https://ic-distributor.com/amec/products/thin-film-deposition/
1,category,analogysemi,https://ic-distributor.com/analogysemi/products/motor-drivers/
1,category,anlogic,https://ic-distributor.com/anlogic/products/elf2-series/
1,category,aowei,https://ic-distributor.com/aowei/products/cylindrical-supercapacitors/
1,category,aurasemi,https://ic-distributor.com/aurasemi/products/sensor-interface/
1,category,autochips,https://ic-distributor.com/autochips/products/sensor-interface-ics/
1,solutions-index,autochips,https://ic-distributor.com/autochips/solutions/
1,category,awinic,https://ic-distributor.com/awinic/products/led-drivers/
1,category,awinic,https://ic-distributor.com/awinic/products/rf-front-end/
1,support-index,awinic,https://ic-distributor.com/awinic/support/
1,category,biwin,https://ic-distributor.com/biwin/products/consumer-ssds/
1,category,biwin,https://ic-distributor.com/biwin/products/industrial-ssds/
1,category,bpsemi,https://ic-distributor.com/bpsemi/products/acdc-power-management/
1,category,bronze-tech,https://ic-distributor.com/bronze-tech/products/wire-to-board/
1,category,byd,https://ic-distributor.com/byd/products/ipm-modules/
1,category,changdian,https://ic-distributor.com/changdian/products/diodes/
1,category,chemi-con,https://ic-distributor.com/chemi-con/products/automotive-capacitors/
1,category,chemi-con,https://ic-distributor.com/chemi-con/products/screw-terminal-capacitors/
1,category,chipanalog,https://ic-distributor.com/chipanalog/products/digital-isolators/
1,category,chipon,https://ic-distributor.com/chipon/products/power-management-ics/
1,category,chipown,https://ic-distributor.com/chipown/products/dcdc-converters/
1,category,chipsea,https://ic-distributor.com/chipsea/products/battery-chargers/
1,category,clickele,https://ic-distributor.com/clickele/products/power-inductors/
1,category,cmsemicor,https://ic-distributor.com/cmsemicor/products/analog-soc/
1,products-index,cmsemicor,https://ic-distributor.com/cmsemicor/products/
1,category,cosel,https://ic-distributor.com/cosel/products/ac-dc-enclosed/
1,products-index,cosel,https://ic-distributor.com/cosel/products/
1,category,cps,https://ic-distributor.com/cps/products/power-mosfets/
1,category,crmicro,https://ic-distributor.com/crmicro/products/power-management-ic/
1,category,crrc,https://ic-distributor.com/crrc/products/gate-drivers/
1,category,dapu,https://ic-distributor.com/dapu/products/voltage-controlled-oscillators/
1,products-index,dapu,https://ic-distributor.com/dapu/products/
1,category,dosilicon,https://ic-distributor.com/dosilicon/products/mcp-multi-chip-package/
1,category,eastsoft,https://ic-distributor.com/eastsoft/products/rf-transceivers/
1,category,ecec,https://ic-distributor.com/ecec/products/timing-modules/
1,support-index,ecec,https://ic-distributor.com/ecec/support/
1,support-index,espressif,https://ic-distributor.com/espressif/support/
1,category,faratronic,https://ic-distributor.com/faratronic/products/automotive-capacitors/
1,category,faratronic,https://ic-distributor.com/faratronic/products/film-capacitors/
1,category,firstack,https://ic-distributor.com/firstack/products/gate-drivers/
1,solutions-index,firstack,https://ic-distributor.com/firstack/solutions/
1,solutions-index,fuji,https://ic-distributor.com/fuji/solutions/
1,support-index,fuji,https://ic-distributor.com/fuji/support/
1,products-index,funcience,https://ic-distributor.com/funcience/products/
1,category,fusemi,https://ic-distributor.com/fusemi/products/power-modules/
1,category,gainsil,https://ic-distributor.com/gainsil/products/comparators/
1,category,galaxycore,https://ic-distributor.com/galaxycore/products/cmos-image-sensors/
1,category,gejian-semi,https://ic-distributor.com/gejian-semi/products/igbts/
1,category,gejian-semi,https://ic-distributor.com/gejian-semi/products/sic-mosfets/
1,category,genesic,https://ic-distributor.com/genesic/products/power-management/
1,category,genesic,https://ic-distributor.com/genesic/products/sic-diodes/
1,support-index,genuway,https://ic-distributor.com/genuway/support/
1,category,gigadevice,https://ic-distributor.com/gigadevice/products/mcu/
1,support-index,gigadevice,https://ic-distributor.com/gigadevice/support/
1,category,goertek,https://ic-distributor.com/goertek/products/mems-microphones/
1,category,goertek,https://ic-distributor.com/goertek/products/precision-components/
1,category,gowin,https://ic-distributor.com/gowin/products/littlebee-fpga/
1,solutions-index,hangshun,https://ic-distributor.com/hangshun/solutions/
1,support-index,hdsc,https://ic-distributor.com/hdsc/support/
1,category,hisilicon,https://ic-distributor.com/hisilicon/products/connectivity-solutions/
1,category,hjc,https://ic-distributor.com/hjc/products/mlcc/
1,category,hjc,https://ic-distributor.com/hjc/products/supercapacitors/
1,brand-home,hongfa,https://ic-distributor.com/hongfa/
1,category,hongfa,https://ic-distributor.com/hongfa/products/power-relays/
1,support-index,hongfa,https://ic-distributor.com/hongfa/support/
1,category,infineon,https://ic-distributor.com/infineon/products/gate-driver/
1,category,injoinic,https://ic-distributor.com/injoinic/products/fast-charging-protocol-ics/
1,category,ixys,https://ic-distributor.com/ixys/products/igbt-modules/
1,category,jingwei-qili,https://ic-distributor.com/jingwei-qili/products/hme-a-series/
1,category,jisemi,https://ic-distributor.com/jisemi/products/industrial-ethernet/
1,category,jisemi,https://ic-distributor.com/jisemi/products/interface-ics/
1,category,lattice,https://ic-distributor.com/lattice/products/crosslink-mipi/
1,category,lattice,https://ic-distributor.com/lattice/products/nexus-platform/
1,products-index,lelon,https://ic-distributor.com/lelon/products/
1,category,lem,https://ic-distributor.com/lem/products/current-transducers/
1,category,linco,https://ic-distributor.com/linco/products/automotive-mcus/
1,category,linsimicro,https://ic-distributor.com/linsimicro/products/power-management/
1,products-index,liteon,https://ic-distributor.com/liteon/products/
1,category,littelfuse,https://ic-distributor.com/littelfuse/products/sensors/
1,category,longsys,https://ic-distributor.com/longsys/products/embedded-storage/
1,category,longsys,https://ic-distributor.com/longsys/products/portable-storage/
1,category,longsys,https://ic-distributor.com/longsys/products/solid-state-drives/
1,category,loongson,https://ic-distributor.com/loongson/products/chipsets-bridge-chips/
1,category,lowpowersemi,https://ic-distributor.com/lowpowersemi/products/battery-charger/
1,category,macmic,https://ic-distributor.com/macmic/products/fred-modules/
1,category,meanwell,https://ic-distributor.com/meanwell/products/ac-dc-enclosed/
1,category,microchip,https://ic-distributor.com/microchip/products/connectivity/
1,category,micron,https://ic-distributor.com/micron/products/dram-memory/
1,category,micron,https://ic-distributor.com/micron/products/ssd-storage/
1,support-index,micron,https://ic-distributor.com/micron/support/
1,support-index,mitsubishi,https://ic-distributor.com/mitsubishi/support/
1,category,mornsun,https://ic-distributor.com/mornsun/products/ac-dc-switching-power-supplies/
1,category,mps,https://ic-distributor.com/mps/products/ac-dc-controllers/
1,solutions-index,mps,https://ic-distributor.com/mps/solutions/
1,category,mxtronics,https://ic-distributor.com/mxtronics/products/interface-ics/
1,category,mxtronics,https://ic-distributor.com/mxtronics/products/signal-conditioning/
1,solutions-index,mxtronics,https://ic-distributor.com/mxtronics/solutions/
1,category,nce,https://ic-distributor.com/nce/products/gan-devices/
1,category,nce,https://ic-distributor.com/nce/products/mosfets/
1,category,nichicon,https://ic-distributor.com/nichicon/products/aluminum-electrolytic/
1,category,nichicon,https://ic-distributor.com/nichicon/products/edlc-supercapacitors/
1,category,novosense,https://ic-distributor.com/novosense/products/digital-isolators/
1,category,novosense,https://ic-distributor.com/novosense/products/isolated-gate-drivers/
1,category,nxp,https://ic-distributor.com/nxp/products/power-management/
1,category,nxp,https://ic-distributor.com/nxp/products/sensors/
1,category,onsemi,https://ic-distributor.com/onsemi/products/mosfets/
1,products-index,oriental,https://ic-distributor.com/oriental/products/
1,category,p-duke,https://ic-distributor.com/p-duke/products/dc-dc-converters/
1,category,panasonic,https://ic-distributor.com/panasonic/products/aluminum-electrolytic-capacitors/
1,category,pinesemi,https://ic-distributor.com/pinesemi/products/sic-mosfets/
1,category,power-integrations,https://ic-distributor.com/power-integrations/products/ac-dc-converters/
1,category,pridesilicon,https://ic-distributor.com/pridesilicon/products/motor-drivers/
1,category,pridesilicon,https://ic-distributor.com/pridesilicon/products/sensor-interfaces/
1,category,qinheng,https://ic-distributor.com/qinheng/products/interface-bridges/
1,category,qinheng,https://ic-distributor.com/qinheng/products/usb-serial-converters/
1,products-index,rayson,https://ic-distributor.com/rayson/products/
1,support-index,realtek,https://ic-distributor.com/realtek/support/
1,category,rivotek,https://ic-distributor.com/rivotek/products/ai-hardware-solutions/
1,category,rivotek,https://ic-distributor.com/rivotek/products/automotive-intelligent-systems/
1,category,rivotek,https://ic-distributor.com/rivotek/products/intelligent-computing-platform/
1,category,rohm,https://ic-distributor.com/rohm/products/sic-mosfets/
1,category,rohm,https://ic-distributor.com/rohm/products/sic-schottky-diodes/
1,products-index,rorebai,https://ic-distributor.com/rorebai/products/
1,category,rubycon,https://ic-distributor.com/rubycon/products/snap-in-capacitors/
1,products-index,rubycon,https://ic-distributor.com/rubycon/products/
1,category,runic,https://ic-distributor.com/runic/products/operational-amplifiers/
1,category,runic,https://ic-distributor.com/runic/products/power-management/
1,category,samwha,https://ic-distributor.com/samwha/products/automotive-capacitors/
1,category,samyoung,https://ic-distributor.com/samyoung/products/high-temperature-capacitors/
1,category,samyoung,https://ic-distributor.com/samyoung/products/snap-in-capacitors/
1,category,senodia,https://ic-distributor.com/senodia/products/force-sensor/
1,category,senodia,https://ic-distributor.com/senodia/products/gyroscope/
1,category,senodia,https://ic-distributor.com/senodia/products/imu/
1,solutions-index,senodia,https://ic-distributor.com/senodia/solutions/
1,solutions-index,sgmicro,https://ic-distributor.com/sgmicro/solutions/
1,solutions-index,silan,https://ic-distributor.com/silan/solutions/
1,solutions-index,silergy,https://ic-distributor.com/silergy/solutions/
1,support-index,silergy,https://ic-distributor.com/silergy/support/
1,category,silicontent,https://ic-distributor.com/silicontent/products/dcdc/
1,category,sindachip,https://ic-distributor.com/sindachip/products/operational-amplifiers/
1,category,sinemicro,https://ic-distributor.com/sinemicro/products/automotive-mcus/
1,solutions-index,sinemicro,https://ic-distributor.com/sinemicro/solutions/
1,category,sinofuse,https://ic-distributor.com/sinofuse/products/energy-storage-fuses/
1,category,sinofuse,https://ic-distributor.com/sinofuse/products/industrial-fuses/
1,category,skyworks,https://ic-distributor.com/skyworks/products/iot-solutions/
1,category,skyworks,https://ic-distributor.com/skyworks/products/power-amplifiers/
1,category,skyworks,https://ic-distributor.com/skyworks/products/rf-front-end/
1,category,smartsens,https://ic-distributor.com/smartsens/products/consumer-electronics-sensors/
1,category,songle,https://ic-distributor.com/songle/products/signal-relays/
1,category,songle,https://ic-distributor.com/songle/products/solid-state-relays/
1,category,st,https://ic-distributor.com/st/products/analog-ics/
1,category,starpower,https://ic-distributor.com/starpower/products/rectifier-modules/
1,category,sunlord,https://ic-distributor.com/sunlord/products/multilayer-ceramic-capacitors/
1,category,sunlord,https://ic-distributor.com/sunlord/products/power-inductors/
1,category,tdk-lambda,https://ic-distributor.com/tdk-lambda/products/dc-dc-converters/
1,category,tdk-lambda,https://ic-distributor.com/tdk-lambda/products/programmable-power/
1,support-index,ti,https://ic-distributor.com/ti/support/
1,category,tianbo,https://ic-distributor.com/tianbo/products/high-voltage-dc-relays/
1,category,tianbo,https://ic-distributor.com/tianbo/products/signal-relays/
1,category,unisemicon,https://ic-distributor.com/unisemicon/products/mcu/
1,category,unisplendour,https://ic-distributor.com/unisplendour/products/power-management/
1,category,unisplendour,https://ic-distributor.com/unisplendour/products/smart-card-ics/
1,solutions-index,unisplendour,https://ic-distributor.com/unisplendour/solutions/
1,category,walsin,https://ic-distributor.com/walsin/products/mlcc/
1,category,xghc,https://ic-distributor.com/xghc/products/crystal-resonators/
1,category,xilinx,https://ic-distributor.com/xilinx/products/alveo/
1,category,xilinx,https://ic-distributor.com/xilinx/products/versal/
1,category,xinbole,https://ic-distributor.com/xinbole/products/interface-ics/
1,category,xinbole,https://ic-distributor.com/xinbole/products/power-management-ics/
1,category,xinleineng,https://ic-distributor.com/xinleineng/products/intelligent-power-modules/
1,category,yxc,https://ic-distributor.com/yxc/products/crystal-resonators/
1,category,zlg-power,https://ic-distributor.com/zlg-power/products/isolated-dc-dc/
2,solution,3peak,https://ic-distributor.com/3peak/solutions/automotive-sensor-solution
2,solution,3peak,https://ic-distributor.com/3peak/solutions/precision-sensor-interface
2,support-article,3peak,https://ic-distributor.com/3peak/support/opamp-selection-guide
2,support-article,3peak,https://ic-distributor.com/3peak/support/sensor-interface-design
2,support-article,acelamicro,https://ic-distributor.com/acelamicro/support/data-converter-integration-guide
2,support-article,adi,https://ic-distributor.com/adi/support/power-management-basics
2,support-article,aipu,https://ic-distributor.com/aipu/support/dc-dc-selection-guide
2,support-article,aipu,https://ic-distributor.com/aipu/support/thermal-design-guide
2,solution,aishi,https://ic-distributor.com/aishi/solutions/led-driver-solution
2,support-article,aishi,https://ic-distributor.com/aishi/support/aishi-ripple-current-guide
2,solution,allegro,https://ic-distributor.com/allegro/solutions/industrial-motor-control
2,support-article,allegro,https://ic-distributor.com/allegro/support/magnetic-sensor-design
2,support-article,allegro,https://ic-distributor.com/allegro/support/motor-control-fundamentals
2,support-article,amec,https://ic-distributor.com/amec/support/process-solutions-selection
2,solution,analogysemi,https://ic-distributor.com/analogysemi/solutions/bldc-motor-control
2,support-article,analogysemi,https://ic-distributor.com/analogysemi/support/motor-driver-selection
2,solution,anlogic,https://ic-distributor.com/anlogic/solutions/industrial-control-fpga-solution
2,support-article,anlogic,https://ic-distributor.com/anlogic/support/anlogic-fpga-selection-guide
2,support-article,anlogic,https://ic-distributor.com/anlogic/support/anlogic-power-management
2,support-article,anlogic,https://ic-distributor.com/anlogic/support/xilinx-migration-guide
2,support-article,aowei,https://ic-distributor.com/aowei/support/supercapacitor-basics
2,solution,aurasemi,https://ic-distributor.com/aurasemi/solutions/5g-timing-solution
2,solution,aurasemi,https://ic-distributor.com/aurasemi/solutions/industrial-sensor-solution
2,support-article,autochips,https://ic-distributor.com/autochips/support/automotive-pmic-selection-guide
2,solution,biwin,https://ic-distributor.com/biwin/solutions/consumer-storage-solution
2,support-article,biwin,https://ic-distributor.com/biwin/support/biwin-ssd-selection-guide
2,support-article,biwin,https://ic-distributor.com/biwin/support/biwin-troubleshooting
2,support-article,bpsemi,https://ic-distributor.com/bpsemi/support/acdc-converter-selection-guide
2,solution,bronze-tech,https://ic-distributor.com/bronze-tech/solutions/ev-charging
2,solution,bussmann,https://ic-distributor.com/bussmann/solutions/industrial-power-distribution
2,solution,bussmann,https://ic-distributor.com/bussmann/solutions/solar-protection
2,support-article,bussmann,https://ic-distributor.com/bussmann/support/low-voltage-fuse-selection
2,solution,byd,https://ic-distributor.com/byd/solutions/solar-inverter
2,solution,capxon,https://ic-distributor.com/capxon/solutions/automotive-electronics
2,solution,capxon,https://ic-distributor.com/capxon/solutions/industrial-power-supply
2,support-article,chemi-con,https://ic-distributor.com/chemi-con/support/chemi-con-lifetime-calculation
2,support-article,chemi-con,https://ic-distributor.com/chemi-con/support/chemi-con-troubleshooting
2,solution,chipanalog,https://ic-distributor.com/chipanalog/solutions/industrial-communication-isolation
2,solution,chipanalog,https://ic-distributor.com/chipanalog/solutions/motor-drive-isolation
2,solution,chipown,https://ic-distributor.com/chipown/solutions/motor-control-solution
2,solution,chipsea,https://ic-distributor.com/chipsea/solutions/precision-sensor-interface
2,support-article,chipsea,https://ic-distributor.com/chipsea/support/battery-charger-design
2,support-article,chipsea,https://ic-distributor.com/chipsea/support/dcdc-layout-guide
2,support-article,chipsea,https://ic-distributor.com/chipsea/support/opamp-zero-drift
2,solution,clickele,https://ic-distributor.com/clickele/solutions/emi-filter-design
2,solution,clickele,https://ic-distributor.com/clickele/solutions/server-power-500w
2,support-article,clickele,https://ic-distributor.com/clickele/support/clickele-emi-filter-guide
2,support-article,clickele,https://ic-distributor.com/clickele/support/clickele-inductor-selection-guide
2,solution,cmsemicor,https://ic-distributor.com/cmsemicor/solutions/motor-control-solution
2,support-article,cosel,https://ic-distributor.com/cosel/support/medical-power-design
2,support-article,cree,https://ic-distributor.com/cree/support/gate-drive-design
2,support-article,crmicro,https://ic-distributor.com/crmicro/support/crmicro-protection-devices
2,solution,crrc,https://ic-distributor.com/crrc/solutions/ev-powertrain
2,solution,crrc,https://ic-distributor.com/crrc/solutions/renewable-energy-converter
2,support-article,cxmt,https://ic-distributor.com/cxmt/support/cxmt-ddr5-design-guide
2,solution,dapu,https://ic-distributor.com/dapu/solutions/gps-timing-solution
2,solution,dapu,https://ic-distributor.com/dapu/solutions/telecom-synchronization-solution
2,solution,eastsoft,https://ic-distributor.com/eastsoft/solutions/smart-meter-plc-solution
2,support-article,eastsoft,https://ic-distributor.com/eastsoft/support/mcu-selection-guide
2,support-article,eastsoft,https://ic-distributor.com/eastsoft/support/rf-transceiver-selection-guide
2,solution,ecec,https://ic-distributor.com/ecec/solutions/automotive-timing-solution
2,support-article,ecec,https://ic-distributor.com/ecec/support/pcb-layout-guidelines
2,solution,electronicon,https://ic-distributor.com/electronicon/solutions/renewable-energy-inverter-solution
2,support-article,electronicon,https://ic-distributor.com/electronicon/support/motor-capacitor-application-guide
2,support-article,electronicon,https://ic-distributor.com/electronicon/support/snubber-capacitor-design-guide
2,solution,esiontech,https://ic-distributor.com/esiontech/solutions/industrial-automation-controller
2,support-article,espressif,https://ic-distributor.com/espressif/support/esp32-antenna-design
2,support-article,espressif,https://ic-distributor.com/espressif/support/esp32-security-best-practices
2,solution,faratronic,https://ic-distributor.com/faratronic/solutions/industrial-drive-solution
2,solution,faratronic,https://ic-distributor.com/faratronic/solutions/solar-inverter-solution
2,support-article,firstack,https://ic-distributor.com/firstack/support/gate-drive-design-best-practices
2,support-article,firstack,https://ic-distributor.com/firstack/support/how-to-select-firstack-power-stack
2,solution,fusemi,https://ic-distributor.com/fusemi/solutions/industrial-motor-drive
2,support-article,gainsil,https://ic-distributor.com/gainsil/support/opamp-selection-guide
2,solution,gejian-semi,https://ic-distributor.com/gejian-semi/solutions/renewable-energy-solution
2,support-article,gejian-semi,https://ic-distributor.com/gejian-semi/support/gejian-thermal-design-guide
2,solution,genesic,https://ic-distributor.com/genesic/solutions/aerospace-power
2,support-article,genesic,https://ic-distributor.com/genesic/support/aerospace-applications
2,support-article,genesic,https://ic-distributor.com/genesic/support/gate-drive-design
2,support-article,genesic,https://ic-distributor.com/genesic/support/sic-mosfet-selection
2,support-article,gigadevice,https://ic-distributor.com/gigadevice/support/pcb-layout-best-practices
2,solution,goertek,https://ic-distributor.com/goertek/solutions/voice-assistants
2,solution,gowin,https://ic-distributor.com/gowin/solutions/edge-ai-accelerator
2,support-article,gowin,https://ic-distributor.com/gowin/support/littlebee-selection-guide
2,solution,hangshun,https://ic-distributor.com/hangshun/solutions/home-appliance-control
2,support-article,hangshun,https://ic-distributor.com/hangshun/support/motor-control-guide
2,support-article,hangshun,https://ic-distributor.com/hangshun/support/wireless-design-guide
2,solution,hawun,https://ic-distributor.com/hawun/solutions/medical-power-solution
2,solution,hawun,https://ic-distributor.com/hawun/solutions/telecom-power-solution
2,solution,hdsc,https://ic-distributor.com/hdsc/solutions/smart-metering-solution
2,support-article,hdsc,https://ic-distributor.com/hdsc/support/hdsc-development-tools
2,solution,hgsemi,https://ic-distributor.com/hgsemi/solutions/industrial-sensor-interface
2,solution,hgsemi,https://ic-distributor.com/hgsemi/solutions/iot-power-management
2,support-article,hgsemi,https://ic-distributor.com/hgsemi/support/opamp-selection
2,support-article,hisilicon,https://ic-distributor.com/hisilicon/support/mobile-processor-selection
2,solution,hjc,https://ic-distributor.com/hjc/solutions/industrial-automation-solutions
2,support-article,hongfa,https://ic-distributor.com/hongfa/support/hvdc-relay-appnote
2,support-article,hongfa,https://ic-distributor.com/hongfa/support/relay-selection-guide
2,support-article,hongfa,https://ic-distributor.com/hongfa/support/ul-certification
2,support-article,injoinic,https://ic-distributor.com/injoinic/support/fast-charging-ic-selection
2,solution,inventchip,https://ic-distributor.com/inventchip/solutions/solar-energy
2,solution,jingwei-qili,https://ic-distributor.com/jingwei-qili/solutions/industrial-machine-vision
2,solution,joulwatt,https://ic-distributor.com/joulwatt/solutions/industrial-power-supply
2,solution,lattice,https://ic-distributor.com/lattice/solutions/mipi-video-connectivity
2,support-article,lattice,https://ic-distributor.com/lattice/support/nexus-fpga-getting-started
2,support-article,lattice,https://ic-distributor.com/lattice/support/sensai-ai-implementation
2,solution,lelon,https://ic-distributor.com/lelon/solutions/consumer-electronics-solutions
2,solution,lelon,https://ic-distributor.com/lelon/solutions/industrial-power-solutions
2,support-article,lelon,https://ic-distributor.com/lelon/support/lelon-selection-guide
2,support-article,lelon,https://ic-distributor.com/lelon/support/lelon-troubleshooting
2,solution,lem,https://ic-distributor.com/lem/solutions/pv-inverter-sensor-solution
2,solution,linsimicro,https://ic-distributor.com/linsimicro/solutions/industrial-data-acquisition
2,support-article,linsimicro,https://ic-distributor.com/linsimicro/support/sensor-interface-selection
2,solution,littelfuse,https://ic-distributor.com/littelfuse/solutions/industrial-motor-drive
2,support-article,littelfuse,https://ic-distributor.com/littelfuse/support/protection-circuit-design
2,support-article,longsys,https://ic-distributor.com/longsys/support/embedded-storage-selection-guide
2,solution,loongson,https://ic-distributor.com/loongson/solutions/desktop-workstation-solution
2,support-article,loongson,https://ic-distributor.com/loongson/support/hardware-design-guide
2,solution,macrosilicon,https://ic-distributor.com/macrosilicon/solutions/live-streaming-system
2,support-article,macrosilicon,https://ic-distributor.com/macrosilicon/support/video-processing-guide
2,solution,memsensing,https://ic-distributor.com/memsensing/solutions/industrial-process-control
2,support-article,memsensing,https://ic-distributor.com/memsensing/support/automotive-sensor-integration
2,support-article,mersen,https://ic-distributor.com/mersen/support/industrial-fuse-selection
2,support-article,mersen,https://ic-distributor.com/mersen/support/technical-reference---mersen
2,solution,micron,https://ic-distributor.com/micron/solutions/data-center-server-memory
2,support-article,micron,https://ic-distributor.com/micron/support/micron-dram-selection-guide
2,solution,mindmotion,https://ic-distributor.com/mindmotion/solutions/industrial-automation-control
2,solution,mitsubishi,https://ic-distributor.com/mitsubishi/solutions/industrial-drive-solution
2,solution,mitsubishi,https://ic-distributor.com/mitsubishi/solutions/solar-ev-solution
2,support-article,mitsubishi,https://ic-distributor.com/mitsubishi/support/igbt-module-selection
2,support-article,mitsubishi,https://ic-distributor.com/mitsubishi/support/sic-mosfet-design-guide
2,support-article,montage,https://ic-distributor.com/montage/support/ddr5-memory-interface-guide
2,support-article,mornsun,https://ic-distributor.com/mornsun/support/mornsun-gate-driver-selection-guide
2,support-article,mornsun,https://ic-distributor.com/mornsun/support/mornsun-renewable-energy-design-guide
2,solution,mps,https://ic-distributor.com/mps/solutions/industrial-power-supply
2,support-article,mps,https://ic-distributor.com/mps/support/battery-charger-selection-guide
2,support-article,mps,https://ic-distributor.com/mps/support/thermal-design-guide
2,solution,mxtronics,https://ic-distributor.com/mxtronics/solutions/industrial-automation-control-system
2,support-article,mxtronics,https://ic-distributor.com/mxtronics/support/customer-case-satellite-success
2,support-article,mxtronics,https://ic-distributor.com/mxtronics/support/radiation-tolerant-design-guide
2,support-article,narada,https://ic-distributor.com/narada/support/lithium-ion-battery-selection-guide
2,support-article,novosense,https://ic-distributor.com/novosense/support/isolated-transceiver-guide
2,solution,onsemi,https://ic-distributor.com/onsemi/solutions/motor-drive-solution
2,support-article,onsemi,https://ic-distributor.com/onsemi/support/gate-driver-selection
2,solution,oriental,https://ic-distributor.com/oriental/solutions/ev-motor-drive-solution
2,support-article,oriental,https://ic-distributor.com/oriental/support/igbt-module-selection-guide
2,support-article,oriental,https://ic-distributor.com/oriental/support/sic-device-application-guide
2,solution,p-duke,https://ic-distributor.com/p-duke/solutions/railway-power-system
2,support-article,p-duke,https://ic-distributor.com/p-duke/support/railway-power-supply-selection
2,support-article,p-duke,https://ic-distributor.com/p-duke/support/thermal-design-guide
2,support-article,panasonic,https://ic-distributor.com/panasonic/support/electrolytic-capacitor-selection-guide
2,support-article,panasonic,https://ic-distributor.com/panasonic/support/lifetime-calculation-guide
2,solution,pinesemi,https://ic-distributor.com/pinesemi/solutions/ev-charging-solution
2,support-article,pinesemi,https://ic-distributor.com/pinesemi/support/gate-drive-design-guide
2,support-article,pinesemi,https://ic-distributor.com/pinesemi/support/protection-design-guide
2,support-article,pinesemi,https://ic-distributor.com/pinesemi/support/sic-mosfet-selection-guide
2,solution,power-integrations,https://ic-distributor.com/power-integrations/solutions/motor-drive-solution
2,solution,pridesilicon,https://ic-distributor.com/pridesilicon/solutions/battery-management-system
2,support-article,pridesilicon,https://ic-distributor.com/pridesilicon/support/pcb-layout-guidelines
2,solution,qinheng,https://ic-distributor.com/qinheng/solutions/embedded-development-platform
2,support-article,qinheng,https://ic-distributor.com/qinheng/support/riscv-mcu-development
2,support-article,rayson,https://ic-distributor.com/rayson/support/rayson-memory-debugging-guide
2,support-article,realtek,https://ic-distributor.com/realtek/support/realtek-card-reader-selection-guide
2,support-article,realtek,https://ic-distributor.com/realtek/support/realtek-usb-vs-pcie-ethernet
2,support-article,realtek,https://ic-distributor.com/realtek/support/realtek-wifi-comparison-8821ce-8852be
2,support-article,recom,https://ic-distributor.com/recom/support/emc-design-guide
2,support-article,renesas,https://ic-distributor.com/renesas/support/getting-started-with-fsp
2,solution,rivotek,https://ic-distributor.com/rivotek/solutions/ai-edge-solution
2,solution,rivotek,https://ic-distributor.com/rivotek/solutions/automotive-intelligent-solution
2,support-article,rohm,https://ic-distributor.com/rohm/support/gate-drive-design
2,support-article,rubycon,https://ic-distributor.com/rubycon/support/automotive-capacitor-selection
2,support-article,rubycon,https://ic-distributor.com/rubycon/support/capacitor-selection-guide
2,solution,runic,https://ic-distributor.com/runic/solutions/battery-management-solution
2,solution,samwha,https://ic-distributor.com/samwha/solutions/industrial-power-solutions
2,support-article,samwha,https://ic-distributor.com/samwha/support/capacitor-lifetime-calculation
2,support-article,samwha,https://ic-distributor.com/samwha/support/solid-polymer-selection-guide
2,solution,samxon,https://ic-distributor.com/samxon/solutions/automotive-electronics-solution
2,solution,samxon,https://ic-distributor.com/samxon/solutions/led-driver-solution
2,support-article,samxon,https://ic-distributor.com/samxon/support/capacitor-derating-guidelines
2,support-article,samyoung,https://ic-distributor.com/samyoung/support/samyoung-capacitor-selection-guide
2,support-article,samyoung,https://ic-distributor.com/samyoung/support/samyoung-ripple-current-guide
2,support-article,semikron,https://ic-distributor.com/semikron/support/pcb-layout-guide
2,support-article,semikron,https://ic-distributor.com/semikron/support/power-module-mounting
2,solution,senodia,https://ic-distributor.com/senodia/solutions/vibration-monitoring-system
2,solution,sgmicro,https://ic-distributor.com/sgmicro/solutions/industrial-sensor-interface
2,support-article,sgmicro,https://ic-distributor.com/sgmicro/support/analog-circuit-design-guide
2,support-article,sikor,https://ic-distributor.com/sikor/support/ev-charging-design-guide
2,support-article,silergy,https://ic-distributor.com/silergy/support/ac-dc-selection
2,support-article,sindachip,https://ic-distributor.com/sindachip/support/led-driver-guide
2,solution,sinemicro,https://ic-distributor.com/sinemicro/solutions/motor-control-solution
2,solution,sinofuse,https://ic-distributor.com/sinofuse/solutions/ev-battery-protection
2,solution,sk-hynix,https://ic-distributor.com/sk-hynix/solutions/data-center-memory
2,support-article,sk-hynix,https://ic-distributor.com/sk-hynix/support/dram-selection-guide
2,solution,skyworks,https://ic-distributor.com/skyworks/solutions/iot-connectivity-solution
2,support-article,skyworks,https://ic-distributor.com/skyworks/support/automotive-rf-design
2,solution,songle,https://ic-distributor.com/songle/solutions/automotive-power-distribution
2,support-article,songle,https://ic-distributor.com/songle/support/relay-application-guidelines
2,support-article,songle,https://ic-distributor.com/songle/support/signal-relay-selection
2,support-article,songle,https://ic-distributor.com/songle/support/ssr-selection
2,support-article,st,https://ic-distributor.com/st/support/st-mcu-selection-guide
2,solution,starpower,https://ic-distributor.com/starpower/solutions/ev-charging-solution
2,support-article,sunlord,https://ic-distributor.com/sunlord/support/common-mode-choke-guide
2,solution,tdk,https://ic-distributor.com/tdk/solutions/industrial-power-supplies
2,support-article,tdk,https://ic-distributor.com/tdk/support/inductor-selection-guide
2,support-article,tdk,https://ic-distributor.com/tdk/support/mlcc-selection-guide
2,solution,tdk-lambda,https://ic-distributor.com/tdk-lambda/solutions/industrial-automation-power
2,solution,tdk-lambda,https://ic-distributor.com/tdk-lambda/solutions/medical-power-system
2,solution,ti,https://ic-distributor.com/ti/solutions/digital-power-supply
2,support-article,tianbo,https://ic-distributor.com/tianbo/support/relay-selection-guide
2,support-article,unisemicon,https://ic-distributor.com/unisemicon/support/technical-reference---unisemicon
2,solution,unisoc,https://ic-distributor.com/unisoc/solutions/motor-control-drive
2,solution,unisplendour,https://ic-distributor.com/unisplendour/solutions/smart-metering-solution
2,support-article,vanchip,https://ic-distributor.com/vanchip/support/vanchip-matching-guide
2,support-article,vicor,https://ic-distributor.com/vicor/support/thermal-design-guide
2,solution,vishay,https://ic-distributor.com/vishay/solutions/automotive-resistor-solutions
2,support-article,vishay,https://ic-distributor.com/vishay/support/automotive-design-considerations
2,support-article,vishay,https://ic-distributor.com/vishay/support/power-dissipation-calculations
2,solution,will,https://ic-distributor.com/will/solutions/camera-module-solution
2,solution,wurth,https://ic-distributor.com/wurth/solutions/ethernet-interface-solution
2,support-article,xghc,https://ic-distributor.com/xghc/support/xghc-load-capacitance-guide
2,support-article,xghc,https://ic-distributor.com/xghc/support/xghc-pcb-layout-guide
2,support-article,xhsc,https://ic-distributor.com/xhsc/support/power-supply-design
2,solution,xilinx,https://ic-distributor.com/xilinx/solutions/5g-baseband-processing
2,solution,xilinx,https://ic-distributor.com/xilinx/solutions/data-center-acceleration
2,support-article,xilinx,https://ic-distributor.com/xilinx/support/alveo-data-center-deployment
2,solution,xinbole,https://ic-distributor.com/xinbole/solutions/industrial-power-system
2,support-article,xinbole,https://ic-distributor.com/xinbole/support/motor-driver-selection
2,solution,xinleineng,https://ic-distributor.com/xinleineng/solutions/industrial-control-solution-1
2,support-article,xinleineng,https://ic-distributor.com/xinleineng/support/parallel-operation-of-power-modules
2,support-article,ymtc,https://ic-distributor.com/ymtc/support/ymtc-ssd-design-guide
2,support-article,ymtc,https://ic-distributor.com/ymtc/support/ymtc-thermal-design-guide
2,support-article,yxc,https://ic-distributor.com/yxc/support/crystal-troubleshooting
2,support-article,zlg-power,https://ic-distributor.com/zlg-power/support/power-reliability-basics
2,support-article,zlg-power,https://ic-distributor.com/zlg-power/support/thermal-design-guide
3,product,3peak,https://ic-distributor.com/3peak/products/data-converters/tpc1610
3,product,3peak,https://ic-distributor.com/3peak/products/motor-drivers/tpm8837
3,product,3peak,https://ic-distributor.com/3peak/products/motor-drivers/tpm8838
3,product,adi,https://ic-distributor.com/adi/products/amplifiers/ad620
3,product,adi,https://ic-distributor.com/adi/products/power-management/adp1741
3,product,aipu,https://ic-distributor.com/aipu/products/dc-dc-fixed-input/a0505s-1w
3,product,aipu,https://ic-distributor.com/aipu/products/dc-dc-fixed-input/a2412s-2w
3,product,aipu,https://ic-distributor.com/aipu/products/dc-dc-wide-input/b1215s-2w
3,product,aishi,https://ic-distributor.com/aishi/products/radial-lead-capacitors/rs-470uf-50v
3,product,aishi,https://ic-distributor.com/aishi/products/screw-terminal-capacitors/st-3300uf-450v
3,product,aishi,https://ic-distributor.com/aishi/products/snap-in-capacitors/sn-22000uf-63v
3,product,allegro,https://ic-distributor.com/allegro/products/current-sensors/acs720
3,product,allegro,https://ic-distributor.com/allegro/products/led-drivers/a6265
3,product,allegro,https://ic-distributor.com/allegro/products/led-drivers/a6268
3,product,allegro,https://ic-distributor.com/allegro/products/motor-drivers/amt49105
3,product,amec,https://ic-distributor.com/amec/products/etching-equipment/primo-ad-rie
3,product,amec,https://ic-distributor.com/amec/products/mocvd-systems/prismo-d-blue
3,product,amec,https://ic-distributor.com/amec/products/process-solutions/amec-fab-solution
3,product,amec,https://ic-distributor.com/amec/products/process-solutions/amec-process-dev
3,product,amec,https://ic-distributor.com/amec/products/thin-film-deposition/primo-pvd
3,product,analogysemi,https://ic-distributor.com/analogysemi/products/gate-drivers/ang6202
3,product,analogysemi,https://ic-distributor.com/analogysemi/products/motor-drivers/ans4208
3,product,anlogic,https://ic-distributor.com/anlogic/products/elf2-series/elf2l15b-3t144n
3,product,anlogic,https://ic-distributor.com/anlogic/products/elf2-series/elf2l45b-3b256n
3,product,anlogic,https://ic-distributor.com/anlogic/products/elf2-series/elf2l90b-3b324n
3,product,aowei,https://ic-distributor.com/aowei/products/cylindrical-supercapacitors/aw-2r7-j107uy
3,product,aowei,https://ic-distributor.com/aowei/products/cylindrical-supercapacitors/aw-2r7-j227uy
3,product,aurasemi,https://ic-distributor.com/aurasemi/products/clock-chips/au5405
3,product,aurasemi,https://ic-distributor.com/aurasemi/products/sensor-interface/au6050
3,product,autochips,https://ic-distributor.com/autochips/products/automotive-mcus/ac78014
3,product,autochips,https://ic-distributor.com/autochips/products/motor-driver-ics/ac7801-motor
3,product,autochips,https://ic-distributor.com/autochips/products/motor-driver-ics/ac7840-motor
3,product,autochips,https://ic-distributor.com/autochips/products/power-management-ics/ac7840-pmic
3,product,autochips,https://ic-distributor.com/autochips/products/sensor-interface-ics/ac7801-temp
3,product,autochips,https://ic-distributor.com/autochips/products/sensor-interface-ics/ac7840-sensor
3,product,awinic,https://ic-distributor.com/awinic/products/audio-amplifiers/aw87329
3,product,awinic,https://ic-distributor.com/awinic/products/audio-amplifiers/aw87359
3,product,awinic,https://ic-distributor.com/awinic/products/led-drivers/aw3644
3,product,awinic,https://ic-distributor.com/awinic/products/power-management/aw3215
3,product,awinic,https://ic-distributor.com/awinic/products/rf-front-end/aw5020
3,product,biwin,https://ic-distributor.com/biwin/products/consumer-ssds/hp500-2tb
3,product,biwin,https://ic-distributor.com/biwin/products/industrial-ssds/ix-nvme-512gb
3,product,biwin,https://ic-distributor.com/biwin/products/industrial-ssds/ix200-1tb
3,product,biwin,https://ic-distributor.com/biwin/products/industrial-ssds/ix200-512gb
3,product,biwin,https://ic-distributor.com/biwin/products/memory-modules/bd4d16g32
3,product,bpsemi,https://ic-distributor.com/bpsemi/products/acdc-power-management/bp87112
3,product,bronze-tech,https://ic-distributor.com/bronze-tech/products/wire-to-board/wtb-xh-4p-cr
3,product,bussmann,https://ic-distributor.com/bussmann/products/ev-fuses/ev100-300-1
3,product,bussmann,https://ic-distributor.com/bussmann/products/semiconductor-fuses/170m5816
3,product,bussmann,https://ic-distributor.com/bussmann/products/semiconductor-fuses/170m5817
3,product,bussmann,https://ic-distributor.com/bussmann/products/semiconductor-fuses/fwp-200a
3,product,bussmann,https://ic-distributor.com/bussmann/products/solar-fuses/pv-30a-1500
3,product,byd,https://ic-distributor.com/byd/products/igbt-modules/bg400f08a13l5
3,product,byd,https://ic-distributor.com/byd/products/ipm-modules/bipm600c30a
3,product,byd,https://ic-distributor.com/byd/products/power-mosfets/bsc020n15ns
3,product,byd,https://ic-distributor.com/byd/products/sic-modules/bm300f12b34u2
3,product,byd,https://ic-distributor.com/byd/products/sic-modules/bm600f12b34u2
3,product,capxon,https://ic-distributor.com/capxon/products/snap-in-capacitors/sf-3300uf-200v
3,product,capxon,https://ic-distributor.com/capxon/products/snap-in-capacitors/sf-4700uf-100v
3,product,changdian,https://ic-distributor.com/changdian/products/diodes/1n4007
3,product,changdian,https://ic-distributor.com/changdian/products/diodes/mbr20100
3,product,changdian,https://ic-distributor.com/changdian/products/mosfets/irf3205
3,product,changdian,https://ic-distributor.com/changdian/products/mosfets/irf540n
3,product,changdian,https://ic-distributor.com/changdian/products/mosfets/irf640n
3,product,changdian,https://ic-distributor.com/changdian/products/rectifiers/gbj1510
3,product,changdian,https://ic-distributor.com/changdian/products/rectifiers/gbj2510
3,product,chemi-con,https://ic-distributor.com/chemi-con/products/automotive-capacitors/akm-100uf-50v
3,product,chemi-con,https://ic-distributor.com/chemi-con/products/screw-terminal-capacitors/als-22000uf-200v
3,product,chemi-con,https://ic-distributor.com/chemi-con/products/screw-terminal-capacitors/als-47000uf-100v
3,product,chemi-con,https://ic-distributor.com/chemi-con/products/snap-in-capacitors/lxs-10000uf-63v
3,product,chipanalog,https://ic-distributor.com/chipanalog/products/isolated-interfaces/ca-is3420
3,product,chipanalog,https://ic-distributor.com/chipanalog/products/isolated-interfaces/ca-is3430
3,product,chipanalog,https://ic-distributor.com/chipanalog/products/isolated-interfaces/ca-is3440
3,product,chipon,https://ic-distributor.com/chipon/products/automotive-mcus/kf32a150
3,product,chipon,https://ic-distributor.com/chipon/products/automotive-mcus/kf8a100
3,product,chipon,https://ic-distributor.com/chipon/products/industrial-mcus/kf1020
3,product,chipon,https://ic-distributor.com/chipon/products/motor-control-ics/kf8020
3,product,chipon,https://ic-distributor.com/chipon/products/power-management-ics/kf6020
3,product,chipown,https://ic-distributor.com/chipown/products/dcdc-converters/ap2953
3,product,chipown,https://ic-distributor.com/chipown/products/led-drivers/ap360y
3,product,chipown,https://ic-distributor.com/chipown/products/led-drivers/ap880x
3,product,chipown,https://ic-distributor.com/chipown/products/motor-drivers/ap200x
3,product,chipsea,https://ic-distributor.com/chipsea/products/adc-converters/cs1231
3,product,chipsea,https://ic-distributor.com/chipsea/products/adc-converters/cs1237
3,product,chipsea,https://ic-distributor.com/chipsea/products/operational-amplifiers/cs6001
3,product,cincon,https://ic-distributor.com/cincon/products/dc-dc-converters/ec2a11
3,product,cincon,https://ic-distributor.com/cincon/products/medical-power-solutions/ec6m11
3,product,clickele,https://ic-distributor.com/clickele/products/power-inductors/cl-pi-100-4r7
3,product,cmsemicor,https://ic-distributor.com/cmsemicor/products/8bit-mcu/sc8p8022
3,product,cmsemicor,https://ic-distributor.com/cmsemicor/products/analog-soc/cms8h1215
3,product,cosel,https://ic-distributor.com/cosel/products/ac-dc-din-rail/dpf240-24s
3,product,cosel,https://ic-distributor.com/cosel/products/ac-dc-enclosed/lfa100f-5
3,product,cosel,https://ic-distributor.com/cosel/products/medical-power-supplies/pma150f-24
3,product,cosel,https://ic-distributor.com/cosel/products/medical-power-supplies/pma60f-12
3,product,cosmo,https://ic-distributor.com/cosmo/products/automotive-photocouplers/kaq1010a
3,product,cosmo,https://ic-distributor.com/cosmo/products/automotive-photocouplers/kaq3053a
3,product,cosmo,https://ic-distributor.com/cosmo/products/photocouplers/kmoc3053
3,product,cosmo,https://ic-distributor.com/cosmo/products/photocouplers/kpc4502
3,product,cps,https://ic-distributor.com/cps/products/igbt-modules/cps450h12e4
3,product,cps,https://ic-distributor.com/cps/products/igbt-modules/cps600h12e4
3,product,cps,https://ic-distributor.com/cps/products/power-mosfets/cs35n65
3,product,cree,https://ic-distributor.com/cree/products/sic-mosfets/c3m0032120k
3,product,crmicro,https://ic-distributor.com/crmicro/products/power-mosfet/crsm060n10l2
3,product,crmicro,https://ic-distributor.com/crmicro/products/power-mosfet/csj100n20a
3,product,crmicro,https://ic-distributor.com/crmicro/products/protection-devices/p6ke6-8a
3,product,crrc,https://ic-distributor.com/crrc/products/current-sensors/crrc-hc1200
3,product,crrc,https://ic-distributor.com/crrc/products/current-sensors/crrc-hc800
3,product,crrc,https://ic-distributor.com/crrc/products/current-sensors/crrc-sr2000
3,product,crrc,https://ic-distributor.com/crrc/products/gate-drivers/crrc-gd1200
3,product,crrc,https://ic-distributor.com/crrc/products/gate-drivers/crrc-gd650
3,product,crrc,https://ic-distributor.com/crrc/products/power-capacitors/crrc-dc1200-4700
3,product,cxmt,https://ic-distributor.com/cxmt/products/ddr5-memory/cxmt-ddr5-24gb-7200-rdimm
3,product,cxmt,https://ic-distributor.com/cxmt/products/lpddr5x-memory/cxmt-lpddr5x-16gb-10667
3,product,dapu,https://ic-distributor.com/dapu/products/rf-filters/rf1608-gps
3,product,dapu,https://ic-distributor.com/dapu/products/voltage-controlled-oscillators/vcxo3225-19m2-50
3,product,dapu,https://ic-distributor.com/dapu/products/voltage-controlled-oscillators/vcxo5032-74m25-50
3,product,dosilicon,https://ic-distributor.com/dosilicon/products/mcp-multi-chip-package/dsmcp64n4g
3,product,dosilicon,https://ic-distributor.com/dosilicon/products/specialty-memory/dsa25q64a
3,product,dosilicon,https://ic-distributor.com/dosilicon/products/specialty-memory/dsa35x04g
3,product,dosilicon,https://ic-distributor.com/dosilicon/products/specialty-memory/dsi25q128i
3,product,dosilicon,https://ic-distributor.com/dosilicon/products/spi-nand-flash/ds35q02g
3,product,dosilicon,https://ic-distributor.com/dosilicon/products/spi-nor-flash/ds25x256e
3,product,eastsoft,https://ic-distributor.com/eastsoft/products/plc-chips/ssc1670
3,product,eastsoft,https://ic-distributor.com/eastsoft/products/rf-transceivers/es8t315
3,product,eastsoft,https://ic-distributor.com/eastsoft/products/system-solutions/es-iot-g1
3,product,ecec,https://ic-distributor.com/ecec/products/crystal-resonators/hc-49s-8mhz-20pf
3,product,ecec,https://ic-distributor.com/ecec/products/mems-oscillators/mems-50mhz-25ppm
3,product,ecec,https://ic-distributor.com/ecec/products/timing-modules/cg-6out-pcie
3,product,electronicon,https://ic-distributor.com/electronicon/products/ac-filter-capacitors/e62-f10-502-b20
3,product,electronicon,https://ic-distributor.com/electronicon/products/dc-link-capacitors/e50-n30-155-mk0
3,product,electronicon,https://ic-distributor.com/electronicon/products/snubber-capacitors/e12-e93-104-m50
3,product,esiontech,https://ic-distributor.com/esiontech/products/low-cost-fpga/es1k-20k64
3,product,esiontech,https://ic-distributor.com/esiontech/products/low-cost-fpga/es4k-lp
3,product,espressif,https://ic-distributor.com/espressif/products/combo-modules/esp32-c6-mini-1
3,product,espressif,https://ic-distributor.com/espressif/products/development-boards/esp32-c6-devkitc-1
3,product,espressif,https://ic-distributor.com/espressif/products/development-boards/esp32-devkitc-ve
3,product,espressif,https://ic-distributor.com/espressif/products/development-boards/esp32-s3-devkitc-1
3,product,faratronic,https://ic-distributor.com/faratronic/products/automotive-capacitors/c3a3k106k9aha01
3,product,faratronic,https://ic-distributor.com/faratronic/products/automotive-capacitors/c3b-100nf-100v
3,product,faratronic,https://ic-distributor.com/faratronic/products/automotive-capacitors/c3b-220nf-100v
3,product,faratronic,https://ic-distributor.com/faratronic/products/automotive-capacitors/mkp-aec-0-47uf-275v
3,product,faratronic,https://ic-distributor.com/faratronic/products/emi-suppression-capacitors/mkp-x2-1-0uf-305v
3,product,faratronic,https://ic-distributor.com/faratronic/products/film-capacitors/cbb21-105j400v
3,product,faratronic,https://ic-distributor.com/faratronic/products/film-capacitors/cbb21-155j400v
3,product,faratronic,https://ic-distributor.com/faratronic/products/power-capacitors/c3p3k506k11aha01
3,product,firstack,https://ic-distributor.com/firstack/products/gate-drivers/fgd1021
3,product,firstack,https://ic-distributor.com/firstack/products/power-stacks/fsw100-1700
3,product,firstack,https://ic-distributor.com/firstack/products/test-equipment/ftc-2000
3,product,firstack,https://ic-distributor.com/firstack/products/test-equipment/fte-5000
3,product,fuji,https://ic-distributor.com/fuji/products/discrete-igbts/2mbi300vh-120-50
3,product,fuji,https://ic-distributor.com/fuji/products/igbt-modules/2mbi600vn-120-50
3,product,fuji,https://ic-distributor.com/fuji/products/sic-mosfets/2fmb600xna-120-50
3,product,fuji,https://ic-distributor.com/fuji/products/sic-mosfets/fmf800dx-24a
3,product,funcience,https://ic-distributor.com/funcience/products/development-tools/fce-evk-1100
3,product,funcience,https://ic-distributor.com/funcience/products/ethercat-controllers/fce1353
3,product,funcience,https://ic-distributor.com/funcience/products/industrial-phy/fcphy100
3,product,funcience,https://ic-distributor.com/funcience/products/industrial-phy/fcphy105
3,product,funcience,https://ic-distributor.com/funcience/products/industrial-phy/fep1000
3,product,fusemi,https://ic-distributor.com/fusemi/products/igbt-modules/fsm600h12e4
3,product,fusemi,https://ic-distributor.com/fusemi/products/mosfets/fsm100n06
3,product,fusemi,https://ic-distributor.com/fusemi/products/power-modules/fsp300h12e4
3,product,fusemi,https://ic-distributor.com/fusemi/products/sic-devices/sc30n1200
3,product,gainsil,https://ic-distributor.com/gainsil/products/analog-switches/gs3005
3,product,gainsil,https://ic-distributor.com/gainsil/products/analog-switches/gs4157
3,product,gainsil,https://ic-distributor.com/gainsil/products/operational-amplifiers/gs8511-tr
3,product,galaxycore,https://ic-distributor.com/galaxycore/products/automotive-image-sensors/gc2053-a
3,product,galaxycore,https://ic-distributor.com/galaxycore/products/cmos-image-sensors/gc08a3
3,product,galaxycore,https://ic-distributor.com/galaxycore/products/display-driver-ics/gc9503
3,product,galaxycore,https://ic-distributor.com/galaxycore/products/security-iot-sensors/gc032a
3,product,galaxycore,https://ic-distributor.com/galaxycore/products/security-iot-sensors/gc4663
3,product,gejian-semi,https://ic-distributor.com/gejian-semi/products/gate-drivers/gjgd1201
3,product,gejian-semi,https://ic-distributor.com/gejian-semi/products/gate-drivers/gjgd1201s
3,product,gejian-semi,https://ic-distributor.com/gejian-semi/products/igbts/gjigbt40n65f
3,product,gejian-semi,https://ic-distributor.com/gejian-semi/products/power-modules/gjipm30n65i
3,product,genesic,https://ic-distributor.com/genesic/products/power-management/genesic-pm001
3,product,genesic,https://ic-distributor.com/genesic/products/sic-mosfets/gb40mps12-120
3,product,genuway,https://ic-distributor.com/genuway/products/crystal-oscillators/gxo-3225-50m
3,product,genuway,https://ic-distributor.com/genuway/products/crystal-oscillators/gxo-5032-12m
3,product,genuway,https://ic-distributor.com/genuway/products/crystal-resonators/gxr-3225-25m
3,product,genuway,https://ic-distributor.com/genuway/products/differential-oscillators/gxo-lvds-156m
3,product,giantec,https://ic-distributor.com/giantec/products/nor-flash/gt25q32a
3,product,gigadevice,https://ic-distributor.com/gigadevice/products/development-tools/gd32f303c-eval
3,product,gigadevice,https://ic-distributor.com/gigadevice/products/nand-flash/gd5f1gq4uayig
3,product,gigadevice,https://ic-distributor.com/gigadevice/products/nor-flash/gd25le64e
3,product,gigadevice,https://ic-distributor.com/gigadevice/products/nor-flash/gd25q256eyig
3,product,goertek,https://ic-distributor.com/goertek/products/mems-sensors/spl07-003
3,product,goertek,https://ic-distributor.com/goertek/products/micro-speakers/spk1318wp
3,product,goertek,https://ic-distributor.com/goertek/products/precision-components/spc-al6061
3,product,goertek,https://ic-distributor.com/goertek/products/precision-components/spc-pbt
3,product,goertek,https://ic-distributor.com/goertek/products/precision-components/spm-vib1030
3,product,gowin,https://ic-distributor.com/gowin/products/arora-fpga/gw2a-lv55pg484c8-i7
3,product,gowin,https://ic-distributor.com/gowin/products/ip-cores/ddr3-ctrl-ip
3,product,gowin,https://ic-distributor.com/gowin/products/ip-cores/mipi-csi2-rx-ip
3,product,gowin,https://ic-distributor.com/gowin/products/tang-nano-boards/tang-nano-20k
3,product,hangshun,https://ic-distributor.com/hangshun/products/general-purpose-mcu/hs32f405rgt6
3,product,hangshun,https://ic-distributor.com/hangshun/products/motor-control-mcu/hs32m100c8t6
3,product,hangshun,https://ic-distributor.com/hangshun/products/motor-control-mcu/hs32m200rgt6
3,product,hawun,https://ic-distributor.com/hawun/products/dc-dc-converters/hd03-3v3
3,product,hci,https://ic-distributor.com/hci/products/analog-ics/hci-an001
3,product,hci,https://ic-distributor.com/hci/products/analog-ics/hci-an002
3,product,hci,https://ic-distributor.com/hci/products/analog-ics/hci-an003
3,product,hci,https://ic-distributor.com/hci/products/interface/hci-in002
3,product,hci,https://ic-distributor.com/hci/products/interface/hci-in004
3,product,hci,https://ic-distributor.com/hci/products/power-management/hci-pm002
3,product,hci,https://ic-distributor.com/hci/products/sensors/hci-se004
3,product,hdsc,https://ic-distributor.com/hdsc/products/general-purpose-mcus/hc32f4a0ritb-lqfp64
3,product,hgsemi,https://ic-distributor.com/hgsemi/products/logic-devices/hg74hc04
3,product,hgsemi,https://ic-distributor.com/hgsemi/products/power-management/hg6206
3,product,hisilicon,https://ic-distributor.com/hisilicon/products/ai-accelerators/ascend-910
3,product,hisilicon,https://ic-distributor.com/hisilicon/products/mobile-processors/kirin-820-5g
3,product,hisilicon,https://ic-distributor.com/hisilicon/products/mobile-processors/kirin-9000
3,product,hjc,https://ic-distributor.com/hjc/products/film-capacitors/hjcf-155k400v
3,product,hjc,https://ic-distributor.com/hjc/products/mlcc/hjc-0805-50v-104k-x7r
3,product,hjc,https://ic-distributor.com/hjc/products/supercapacitors/hjc-hc-200f-2-7v
3,product,hongfa,https://ic-distributor.com/hongfa/products/automotive-relays/hfv6-012-1hst
3,product,hongfa,https://ic-distributor.com/hongfa/products/high-voltage-dc-relays/hfe100v-120-24h-c5
3,product,hongfa,https://ic-distributor.com/hongfa/products/high-voltage-dc-relays/hfe82v-100-12h-c5
3,product,hongfa,https://ic-distributor.com/hongfa/products/high-voltage-dc-relays/hfe88v-250-12h-c5
3,product,hongfa,https://ic-distributor.com/hongfa/products/high-voltage-dc-relays/hfe90v-80-24h-c5
3,product,hongfa,https://ic-distributor.com/hongfa/products/industrial-relays/hf43f-024-1zst
3,product,hongfa,https://ic-distributor.com/hongfa/products/latching-relays/hfe21-1-5hst
3,product,hongfa,https://ic-distributor.com/hongfa/products/power-relays/hf105f-012-1hstf
3,product,hongfa,https://ic-distributor.com/hongfa/products/power-relays/hf33f-024-2zs
3,product,hongfa,https://ic-distributor.com/hongfa/products/signal-relays/hfd41-012-2zs
3,product,hongfa,https://ic-distributor.com/hongfa/products/signal-relays/hfd45-024-1zs
3,product,infineon,https://ic-distributor.com/infineon/products/gate-driver/infineon-ga002
3,product,infineon,https://ic-distributor.com/infineon/products/mosfet/ipb014n06n
3,product,injoinic,https://ic-distributor.com/injoinic/products/battery-management-ics/ip3005
3,product,injoinic,https://ic-distributor.com/injoinic/products/fast-charging-protocol-ics/ip2726
3,product,injoinic,https://ic-distributor.com/injoinic/products/power-management-ics/ip6505
3,product,ixys,https://ic-distributor.com/ixys/products/power-diodes/dsei120-06a
3,product,ixys,https://ic-distributor.com/ixys/products/power-diodes/dsei60-06a
3,product,ixys,https://ic-distributor.com/ixys/products/power-mosfets/ixtp96n15t
3,product,jianghai,https://ic-distributor.com/jianghai/products/aluminum-electrolytic-large/cd139-10000uf-450v
3,product,jianghai,https://ic-distributor.com/jianghai/products/aluminum-electrolytic-small/cd11-1000uf-25v
3,product,jianghai,https://ic-distributor.com/jianghai/products/film-capacitor/snubber-0.47uf-1200v
3,product,jingwei-qili,https://ic-distributor.com/jingwei-qili/products/hme-a-series/hme-a5c300
3,product,jingwei-qili,https://ic-distributor.com/jingwei-qili/products/hme-h-series/hme-h3c08
3,product,jisemi,https://ic-distributor.com/jisemi/products/industrial-ethernet/jl8001
3,product,jisemi,https://ic-distributor.com/jisemi/products/interface-ics/jl9001
3,product,joulwatt,https://ic-distributor.com/joulwatt/products/ac-dc/jw1550
3,product,joulwatt,https://ic-distributor.com/joulwatt/products/dc-dc/jw5070
3,product,joulwatt,https://ic-distributor.com/joulwatt/products/gate-driver/jw5120
3,product,joulwatt,https://ic-distributor.com/joulwatt/products/ldo/jw5210
3,product,lattice,https://ic-distributor.com/lattice/products/development-kits/certuspro-nx-evb
3,product,lelon,https://ic-distributor.com/lelon/products/snap-in-capacitors/lgu-10000uf-63v
3,product,lem,https://ic-distributor.com/lem/products/automotive-sensors/ho-120-p
3,product,lem,https://ic-distributor.com/lem/products/industrial-sensors/hais-400-p
3,product,lem,https://ic-distributor.com/lem/products/voltage-transducers/dvl-500
3,product,linco,https://ic-distributor.com/linco/products/automotive-mcus/lks32at086n8q9
3,product,linco,https://ic-distributor.com/linco/products/gate-drivers/lks-gd-6n-1a5
3,product,linsimicro,https://ic-distributor.com/linsimicro/products/interface-ics/lcn1050
3,product,linsimicro,https://ic-distributor.com/linsimicro/products/interface-ics/lrs485
3,product,liteon,https://ic-distributor.com/liteon/products/led-components/ltpl-c036uvg375
3,product,liteon,https://ic-distributor.com/liteon/products/optocouplers/ltv-356t
3,product,liteon,https://ic-distributor.com/liteon/products/optocouplers/ltv-814
3,product,liteon,https://ic-distributor.com/liteon/products/power-management/pda-30w
3,product,liteon,https://ic-distributor.com/liteon/products/power-management/pse-12v
3,product,littelfuse,https://ic-distributor.com/littelfuse/products/circuit-protection/0451015-mrl
3,product,littelfuse,https://ic-distributor.com/littelfuse/products/circuit-protection/smaj16ca
3,product,longsys,https://ic-distributor.com/longsys/products/memory-modules/ld4u320016g
3,product,longsys,https://ic-distributor.com/longsys/products/solid-state-drives/fn01tb-80a22
3,product,longsys,https://ic-distributor.com/longsys/products/solid-state-drives/fs01tb-35m41
3,product,loongson,https://ic-distributor.com/loongson/products/chipsets-bridge-chips/7a1000
3,product,loongson,https://ic-distributor.com/loongson/products/desktop-server-processors/3c5000
3,product,loongson,https://ic-distributor.com/loongson/products/embedded-processors/2k1000
3,product,lowpowersemi,https://ic-distributor.com/lowpowersemi/products/battery-charger/lp4054
3,product,lowpowersemi,https://ic-distributor.com/lowpowersemi/products/battery-charger/lp4060
3,product,lowpowersemi,https://ic-distributor.com/lowpowersemi/products/ldo/lp3990-33
3,product,lowpowersemi,https://ic-distributor.com/lowpowersemi/products/ldo/lp5907-33
3,product,lowpowersemi,https://ic-distributor.com/lowpowersemi/products/load-switch/lp5242
3,product,macmic,https://ic-distributor.com/macmic/products/igbt-modules/mmg200hb120t1a
3,product,macmic,https://ic-distributor.com/macmic/products/igbt-modules/mmg600wb060b
3,product,macmic,https://ic-distributor.com/macmic/products/power-discrete/mmg30j060u1
3,product,macrosilicon,https://ic-distributor.com/macrosilicon/products/hdmi-mipi-converters/ms9601
3,product,macrosilicon,https://ic-distributor.com/macrosilicon/products/multimedia-soc/ms8200
3,product,macrosilicon,https://ic-distributor.com/macrosilicon/products/usb-video-capture/ms2107
3,product,meanwell,https://ic-distributor.com/meanwell/products/dc-dc-converters/rsd-30g-5
3,product,meanwell,https://ic-distributor.com/meanwell/products/led-drivers/hlg-320h-48a
3,product,meanwell,https://ic-distributor.com/meanwell/products/led-drivers/lpf-60d-24
3,product,meanwell,https://ic-distributor.com/meanwell/products/medical-power/rps-200-24-c
3,product,memsensing,https://ic-distributor.com/memsensing/products/accelerometers/msa-100g
3,product,memsensing,https://ic-distributor.com/memsensing/products/mems-microphones/msm-261s4030a
3,product,memsensing,https://ic-distributor.com/memsensing/products/mems-microphones/msm-261s4031a
3,product,memsensing,https://ic-distributor.com/memsensing/products/mems-microphones/msm-261s4031h
3,product,memsensing,https://ic-distributor.com/memsensing/products/pressure-sensors/msp-100kpa-d
3,product,mersen,https://ic-distributor.com/mersen/products/dc-fuses/fd400-1000
3,product,mersen,https://ic-distributor.com/mersen/products/dc-fuses/fd500-1000
3,product,mersen,https://ic-distributor.com/mersen/products/high-speed-fuses/pc100-1000
3,product,mersen,https://ic-distributor.com/mersen/products/industrial-fuses/nh200-690
3,product,mersen,https://ic-distributor.com/mersen/products/surge-protection/st80-3p
3,product,microchip,https://ic-distributor.com/microchip/products/analog-products/mcp6001
3,product,microchip,https://ic-distributor.com/microchip/products/connectivity/atwinc3400
3,product,microchip,https://ic-distributor.com/microchip/products/connectivity/mcp2551
3,product,microchip,https://ic-distributor.com/microchip/products/microcontrollers/atsamd21g18a
3,product,microchip,https://ic-distributor.com/microchip/products/power-management/mcp1703
3,product,microchip,https://ic-distributor.com/microchip/products/power-management/mcp73831
3,product,microchip,https://ic-distributor.com/microchip/products/power-management/tc7660
3,product,micron,https://ic-distributor.com/micron/products/nand-flash/mt29f4t08gmlcej4-37res
3,product,micron,https://ic-distributor.com/micron/products/ssd-storage/mtfdkba512tfr-1bc1zabyy
3,product,mindmotion,https://ic-distributor.com/mindmotion/products/mm32f-series/mm32f0144c6p
3,product,mindmotion,https://ic-distributor.com/mindmotion/products/mm32f-series/mm32f5277g9p
3,product,mindmotion,https://ic-distributor.com/mindmotion/products/mm32spin-series/mm32spin360pf
3,product,mitsubishi,https://ic-distributor.com/mitsubishi/products/dipipm/ps217a4-astx
3,product,mitsubishi,https://ic-distributor.com/mitsubishi/products/igbt-modules/cm600dy-24a
3,product,mitsubishi,https://ic-distributor.com/mitsubishi/products/igbt-modules/cm600hu-12f
3,product,mitsubishi,https://ic-distributor.com/mitsubishi/products/ipm-modules/ps21965-paxc
3,product,montage,https://ic-distributor.com/montage/products/ddr4-memory-interface/m88ddr4db02
3,product,montage,https://ic-distributor.com/montage/products/ddr5-memory-interface/m88dr5db01
3,product,montage,https://ic-distributor.com/montage/products/jintide-server/jintide-c4p
3,product,montage,https://ic-distributor.com/montage/products/pcie-retimer/m88rt50816
3,product,mornsun,https://ic-distributor.com/mornsun/products/dc-dc-converters/k7805-2000r3
3,product,mornsun,https://ic-distributor.com/mornsun/products/dc-dc-converters/urb2412ymd-20wr3
3,product,mornsun,https://ic-distributor.com/mornsun/products/dc-dc-converters/urb2415ymd-20wr3
3,product,mornsun,https://ic-distributor.com/mornsun/products/din-rail-power-supplies/li120-20b24
3,product,mornsun,https://ic-distributor.com/mornsun/products/din-rail-power-supplies/li240-20b24
3,product,mps,https://ic-distributor.com/mps/products/ac-dc-controllers/mp44010
3,product,mps,https://ic-distributor.com/mps/products/dc-dc-converters/mpq2143
3,product,mps,https://ic-distributor.com/mps/products/motor-drivers/mpq6541
3,product,mxtronics,https://ic-distributor.com/mxtronics/products/data-converters/mxd1604
3,product,mxtronics,https://ic-distributor.com/mxtronics/products/power-management/mxl7833
3,product,mxtronics,https://ic-distributor.com/mxtronics/products/power-management/mxp34063rt
3,product,mxtronics,https://ic-distributor.com/mxtronics/products/signal-conditioning/mxi124
3,product,narada,https://ic-distributor.com/narada/products/energy-storage-systems/ess-500k
3,product,narada,https://ic-distributor.com/narada/products/lithium-ion-batteries/nlp48-100
3,product,narada,https://ic-distributor.com/narada/products/telecom-power-solutions/tel12-150ft
3,product,nce,https://ic-distributor.com/nce/products/igbts/nce20n60
3,product,nce,https://ic-distributor.com/nce/products/mosfets/nce60n06
3,product,nce,https://ic-distributor.com/nce/products/mosfets/ncep60t20
3,product,nce,https://ic-distributor.com/nce/products/power-modules/nce450h12e4
3,product,nichicon,https://ic-distributor.com/nichicon/products/aluminum-electrolytic/lxz25vb471m8x20ll
3,product,nichicon,https://ic-distributor.com/nichicon/products/aluminum-electrolytic/ucy2g220mpd
3,product,nichicon,https://ic-distributor.com/nichicon/products/conductive-polymer/pcf1c330mcl1gs
3,product,nichicon,https://ic-distributor.com/nichicon/products/conductive-polymer/pcl1a221mcl1gs
3,product,nichicon,https://ic-distributor.com/nichicon/products/conductive-polymer/pcl1c101mcl1gs
3,product,nichicon,https://ic-distributor.com/nichicon/products/edlc-supercapacitors/jjd0e105
3,product,nichicon,https://ic-distributor.com/nichicon/products/edlc-supercapacitors/jjd0e225
3,product,novosense,https://ic-distributor.com/novosense/products/digital-isolators/nsi8240
3,product,novosense,https://ic-distributor.com/novosense/products/isolated-gate-drivers/nsi6230
3,product,novosense,https://ic-distributor.com/novosense/products/isolated-transceivers/nsi8300
3,product,novosense,https://ic-distributor.com/novosense/products/signal-chain/nsc2862
3,product,nxp,https://ic-distributor.com/nxp/products/analog-ics/nafe13144
3,product,nxp,https://ic-distributor.com/nxp/products/analog-ics/nafe13188
3,product,nxp,https://ic-distributor.com/nxp/products/analog-ics/nafe13388
3,product,nxp,https://ic-distributor.com/nxp/products/interface/sja1105
3,product,nxp,https://ic-distributor.com/nxp/products/interface/tja1043
3,product,nxp,https://ic-distributor.com/nxp/products/interface/tja1101b
3,product,onsemi,https://ic-distributor.com/onsemi/products/automotive-power-modules/nxh025n120scq1
3,product,onsemi,https://ic-distributor.com/onsemi/products/mosfets/nthl014n65s3f
3,product,oriental,https://ic-distributor.com/oriental/products/igbt-discrete/oig75n120h
3,product,oriental,https://ic-distributor.com/oriental/products/igbt-discrete/oigw40n65h
3,product,oriental,https://ic-distributor.com/oriental/products/igbt-modules/oim200-12e4
3,product,oriental,https://ic-distributor.com/oriental/products/igbt-modules/orm600h12e4
3,product,p-duke,https://ic-distributor.com/p-duke/products/ac-dc-power-modules/lps90-24
3,product,p-duke,https://ic-distributor.com/p-duke/products/dc-dc-converters/ec4aw24-72s05
3,product,panasonic,https://ic-distributor.com/panasonic/products/aluminum-electrolytic-capacitors/eeufs1e102
3,product,panasonic,https://ic-distributor.com/panasonic/products/electromechanical-relays/aldp112
3,product,panasonic,https://ic-distributor.com/panasonic/products/electromechanical-relays/dsp1a-dc24v
3,product,panjit,https://ic-distributor.com/panjit/products/bridge-rectifiers/kbpc2510
3,product,panjit,https://ic-distributor.com/panjit/products/bridge-rectifiers/mb6s
3,product,panjit,https://ic-distributor.com/panjit/products/fast-recovery-diodes/mur460
3,product,panjit,https://ic-distributor.com/panjit/products/fast-recovery-diodes/uf4007
3,product,panjit,https://ic-distributor.com/panjit/products/fast-recovery-diodes/uf5408
3,product,panjit,https://ic-distributor.com/panjit/products/protection-devices/p6ke15a
3,product,panjit,https://ic-distributor.com/panjit/products/schottky-diodes/sk104
3,product,panjit,https://ic-distributor.com/panjit/products/schottky-diodes/sk1620
3,product,panjit,https://ic-distributor.com/panjit/products/schottky-diodes/sk310
3,product,pinesemi,https://ic-distributor.com/pinesemi/products/igbt-modules/pfc-50a-12
3,product,pinesemi,https://ic-distributor.com/pinesemi/products/sic-diodes/psd2-120h040
3,product,pinesemi,https://ic-distributor.com/pinesemi/products/sic-mosfets/psc2m120k042
3,product,power-integrations,https://ic-distributor.com/power-integrations/products/ac-dc-converters/inn3675c
3,product,power-integrations,https://ic-distributor.com/power-integrations/products/gate-drivers/sic1181k
3,product,power-integrations,https://ic-distributor.com/power-integrations/products/gate-drivers/sid1182k
3,product,power-integrations,https://ic-distributor.com/power-integrations/products/led-drivers/lyt6072c
3,product,power-integrations,https://ic-distributor.com/power-integrations/products/motor-drivers/brd1267c
3,product,pridesilicon,https://ic-distributor.com/pridesilicon/products/data-converters/psa1604
3,product,pridesilicon,https://ic-distributor.com/pridesilicon/products/data-converters/psd1612
3,product,pridesilicon,https://ic-distributor.com/pridesilicon/products/data-converters/pss2416
3,product,pridesilicon,https://ic-distributor.com/pridesilicon/products/power-management/psp1203
3,product,pridesilicon,https://ic-distributor.com/pridesilicon/products/power-management/psp3406
3,product,pridesilicon,https://ic-distributor.com/pridesilicon/products/sensor-interfaces/psa3001
3,product,qinheng,https://ic-distributor.com/qinheng/products/interface-bridges/ch341
3,product,qinheng,https://ic-distributor.com/qinheng/products/interface-bridges/ch347
3,product,qinheng,https://ic-distributor.com/qinheng/products/interface-bridges/ch9326
3,product,qinheng,https://ic-distributor.com/qinheng/products/usb-serial-converters/ch341a
3,product,qinheng,https://ic-distributor.com/qinheng/products/wireless-connectivity/ch582
3,product,rayson,https://ic-distributor.com/rayson/products/ddr-memory/rs2g168
3,product,rayson,https://ic-distributor.com/rayson/products/lpddr-memory/rs2g88l
3,product,realtek,https://ic-distributor.com/realtek/products/audio-codecs/alc4080
3,product,realtek,https://ic-distributor.com/realtek/products/card-readers/rts525a
3,product,realtek,https://ic-distributor.com/realtek/products/ethernet-controllers/rtl8111ep-cg
3,product,realtek,https://ic-distributor.com/realtek/products/ethernet-controllers/rtl8111h
3,product,realtek,https://ic-distributor.com/realtek/products/ethernet-controllers/rtl8153b
3,product,recom,https://ic-distributor.com/recom/products/dc-dc-converters/r-78e5-0-1-0
3,product,renesas,https://ic-distributor.com/renesas/products/analog-power/hip2103
3,product,renesas,https://ic-distributor.com/renesas/products/motor-drivers/hip4086
3,product,rivotek,https://ic-distributor.com/rivotek/products/ai-hardware-solutions/rv-smartcam-4k
3,product,rivotek,https://ic-distributor.com/rivotek/products/ai-operating-system/aios-enterprise
3,product,rivotek,https://ic-distributor.com/rivotek/products/ai-operating-system/aios-standard
3,product,rohm,https://ic-distributor.com/rohm/products/power-modules/rohm-po002
3,product,rohm,https://ic-distributor.com/rohm/products/sic-mosfets/sct3017al
3,product,rohm,https://ic-distributor.com/rohm/products/sic-mosfets/sct3040kl
3,product,rohm,https://ic-distributor.com/rohm/products/sic-mosfets/sct3080kl
3,product,rorebai,https://ic-distributor.com/rorebai/products/high-speed-adc/cbm92ad16
3,product,rorebai,https://ic-distributor.com/rorebai/products/high-speed-adc/cbm94ad67
3,product,rorebai,https://ic-distributor.com/rorebai/products/high-speed-dac/cbm94da67
3,product,rorebai,https://ic-distributor.com/rorebai/products/precision-op-amp/cbmopa267
3,product,rorebai,https://ic-distributor.com/rorebai/products/precision-op-amp/cbmopa802
3,product,rorebai,https://ic-distributor.com/rorebai/products/rf-transceivers/cbmrf2400
3,product,rorebai,https://ic-distributor.com/rorebai/products/rf-transceivers/cbmrf5800
3,product,rubycon,https://ic-distributor.com/rubycon/products/radial-lead-capacitors/25yxf1000m10x16
3,product,rubycon,https://ic-distributor.com/rubycon/products/snap-in-capacitors/200usg4700m35x60
3,product,runic,https://ic-distributor.com/runic/products/power-management/rs7118
3,product,runic,https://ic-distributor.com/runic/products/power-management/rs8150
3,product,samwha,https://ic-distributor.com/samwha/products/aluminum-electrolytic/wb-series-470uf50v
3,product,samwha,https://ic-distributor.com/samwha/products/aluminum-electrolytic/wl-series-4700uf-50v
3,product,samwha,https://ic-distributor.com/samwha/products/film-capacitors/mpf-155k400v
3,product,samwha,https://ic-distributor.com/samwha/products/film-capacitors/mpp-10uf-630v
3,product,samwha,https://ic-distributor.com/samwha/products/solid-polymer/ph-series-470uf-16v
3,product,samxon,https://ic-distributor.com/samxon/products/radial-capacitors/rs-1000uf-25v
3,product,samxon,https://ic-distributor.com/samxon/products/radial-capacitors/rs-470uf-50v
3,product,samxon,https://ic-distributor.com/samxon/products/smd-capacitors/vt-100uf-16v
3,product,samxon,https://ic-distributor.com/samxon/products/smd-capacitors/vt-47uf-35v
3,product,samxon,https://ic-distributor.com/samxon/products/snap-in-capacitors/hm-4700uf-200v
3,product,samxon,https://ic-distributor.com/samxon/products/snap-in-capacitors/hp-10000uf-400v
3,product,samyoung,https://ic-distributor.com/samyoung/products/high-temperature-capacitors/sh-470uf-100v
3,product,samyoung,https://ic-distributor.com/samyoung/products/radial-lead-capacitors/sr-1000uf-25v
3,product,samyoung,https://ic-distributor.com/samyoung/products/snap-in-capacitors/snap-4700uf-200v
3,product,semikron,https://ic-distributor.com/semikron/products/diodes-thyristors/skke-600-16
3,product,semikron,https://ic-distributor.com/semikron/products/gate-drivers/skyper-52
3,product,semikron,https://ic-distributor.com/semikron/products/igbt-modules/skm100gb12t4
3,product,semikron,https://ic-distributor.com/semikron/products/igbt-modules/skm400gb12t4
3,product,semikron,https://ic-distributor.com/semikron/products/igbt-modules/skm600gb12t4
3,product,semikron,https://ic-distributor.com/semikron/products/skiip-modules/skiip-83ac12t4v1
3,product,senodia,https://ic-distributor.com/senodia/products/accelerometer/sca3300
3,product,senodia,https://ic-distributor.com/senodia/products/gyroscope/scg3300
3,product,senodia,https://ic-distributor.com/senodia/products/gyroscope/scg6300
3,product,senodia,https://ic-distributor.com/senodia/products/imu/sim6300
3,product,sgmicro,https://ic-distributor.com/sgmicro/products/battery-management/sgm4056
3,product,sgmicro,https://ic-distributor.com/sgmicro/products/motor-drivers/sgm42600
3,product,sikor,https://ic-distributor.com/sikor/products/igbts/sl20t65f
3,product,sikor,https://ic-distributor.com/sikor/products/sic-devices/slc06s065
3,product,sikor,https://ic-distributor.com/sikor/products/sic-devices/slm40n120sic
3,product,silan,https://ic-distributor.com/silan/products/mems-sensors/sc7g20
3,product,silan,https://ic-distributor.com/silan/products/power-semiconductors/sgm10n60
3,product,silergy,https://ic-distributor.com/silergy/products/usb-pd/sy9101
3,product,silicontent,https://ic-distributor.com/silicontent/products/charger/xz5001
3,product,silicontent,https://ic-distributor.com/silicontent/products/charger/xz5003
3,product,silicontent,https://ic-distributor.com/silicontent/products/dcdc/xz2105
3,product,silicontent,https://ic-distributor.com/silicontent/products/dcdc/xz3102
3,product,silicontent,https://ic-distributor.com/silicontent/products/ldo/xz1002
3,product,sindachip,https://ic-distributor.com/sindachip/products/led-drivers/sgm6606
3,product,sindachip,https://ic-distributor.com/sindachip/products/operational-amplifiers/sgm8532
3,product,sindachip,https://ic-distributor.com/sindachip/products/power-management-ics/sgm4151
3,product,sindachip,https://ic-distributor.com/sindachip/products/voltage-regulators/sgm2019
3,product,sinemicro,https://ic-distributor.com/sinemicro/products/integrated-solutions/sim-bcm-01
3,product,sinemicro,https://ic-distributor.com/sinemicro/products/integrated-solutions/sim-mot-01
3,product,sinemicro,https://ic-distributor.com/sinemicro/products/power-devices/sm4010n
3,product,sinemicro,https://ic-distributor.com/sinemicro/products/power-devices/sm4015n
3,product,sinemicro,https://ic-distributor.com/sinemicro/products/power-management/sl7210
3,product,sinemicro,https://ic-distributor.com/sinemicro/products/power-management/sl7333h
3,product,sinofuse,https://ic-distributor.com/sinofuse/products/energy-storage-fuses/ess-1500-250a
3,product,sinofuse,https://ic-distributor.com/sinofuse/products/energy-storage-fuses/ess-1500-400a
3,product,sinofuse,https://ic-distributor.com/sinofuse/products/industrial-fuses/ind-500-250a
3,product,sinofuse,https://ic-distributor.com/sinofuse/products/industrial-fuses/ind-500-63a
3,product,sinofuse,https://ic-distributor.com/sinofuse/products/industrial-fuses/ind-690-100a
3,product,sinofuse,https://ic-distributor.com/sinofuse/products/photovoltaic-fuses/pv-1500-30a
3,product,sk-hynix,https://ic-distributor.com/sk-hynix/products/dram/hmaa8g8majr8n-xn
3,product,sk-hynix,https://ic-distributor.com/sk-hynix/products/hbm/hbm3-16gb
3,product,sk-hynix,https://ic-distributor.com/sk-hynix/products/hbm/hbm3-24gb
3,product,sk-hynix,https://ic-distributor.com/sk-hynix/products/ssd/pe8010
3,product,sk-hynix,https://ic-distributor.com/sk-hynix/products/ssd/pe8030
3,product,sk-hynix,https://ic-distributor.com/sk-hynix/products/ssd/sc401
3,product,skyworks,https://ic-distributor.com/skyworks/products/iot-solutions/sky68003-11
3,product,skyworks,https://ic-distributor.com/skyworks/products/iot-solutions/sky68011-31
3,product,skyworks,https://ic-distributor.com/skyworks/products/power-amplifiers/sky77643-11
3,product,skyworks,https://ic-distributor.com/skyworks/products/rf-switches/sky13384-350lf
3,product,skyworks,https://ic-distributor.com/skyworks/products/rf-switches/sky13416-485lf
3,product,skyworks,https://ic-distributor.com/skyworks/products/rf-switches/sky13453-385lf
3,product,smartsens,https://ic-distributor.com/smartsens/products/automotive-image-sensors/sc100ai
3,product,smartsens,https://ic-distributor.com/smartsens/products/automotive-image-sensors/sc200ai
3,product,smartsens,https://ic-distributor.com/smartsens/products/automotive-image-sensors/sc820
3,product,smartsens,https://ic-distributor.com/smartsens/products/industrial-machine-vision-sensors/sc201cs
3,product,smartsens,https://ic-distributor.com/smartsens/products/security-surveillance-sensors/sc2336
3,product,smartsens,https://ic-distributor.com/smartsens/products/security-surveillance-sensors/sc830ai
3,product,songle,https://ic-distributor.com/songle/products/automotive-relays/sv-12vdc-dl-c
3,product,songle,https://ic-distributor.com/songle/products/power-relays/sle-48vdc-sl-a
3,product,songle,https://ic-distributor.com/songle/products/signal-relays/sra-12vdc-cl
3,product,southchip,https://ic-distributor.com/southchip/products/battery-charger-ics/sc8905
3,product,southchip,https://ic-distributor.com/southchip/products/battery-charger-ics/sc9017
3,product,southchip,https://ic-distributor.com/southchip/products/dc-dc-converters/sc8103
3,product,southchip,https://ic-distributor.com/southchip/products/dc-dc-converters/sc8305
3,product,southchip,https://ic-distributor.com/southchip/products/fuel-gauge-ics/sc2750
3,product,southchip,https://ic-distributor.com/southchip/products/fuel-gauge-ics/sc2770
3,product,southchip,https://ic-distributor.com/southchip/products/power-path-management/sc5310
3,product,southchip,https://ic-distributor.com/southchip/products/power-path-management/sc5325
3,product,st,https://ic-distributor.com/st/products/analog-ics/tl431aidbzr
3,product,st,https://ic-distributor.com/st/products/microcontrollers/stm32h743vit6
3,product,starpower,https://ic-distributor.com/starpower/products/igbt-modules/gd100hfl120c2s
3,product,starpower,https://ic-distributor.com/starpower/products/igbt-modules/gd600hft120c3s
3,product,starpower,https://ic-distributor.com/starpower/products/rectifier-modules/gdt200a16
3,product,starpower,https://ic-distributor.com/starpower/products/sic-modules/gds100m12b1
3,product,starpower,https://ic-distributor.com/starpower/products/sic-modules/gds50m12b1
3,product,starpower,https://ic-distributor.com/starpower/products/sic-modules/gds65m12b1
3,product,starrystonetech,https://ic-distributor.com/starrystonetech/products/gate-drivers/sgd1022
3,product,sunlord,https://ic-distributor.com/sunlord/products/chip-beads/gz2012d601tf
3,product,sunlord,https://ic-distributor.com/sunlord/products/common-mode-chokes/acm7060-701-2p
3,product,sunlord,https://ic-distributor.com/sunlord/products/multilayer-ceramic-capacitors/sd105x104k101t
3,product,sunlord,https://ic-distributor.com/sunlord/products/multilayer-ceramic-capacitors/sh21b106k500t
3,product,sunlord,https://ic-distributor.com/sunlord/products/power-inductors/swpa6045s100mt
3,product,superchip,https://ic-distributor.com/superchip/products/dcdc/tc1509
3,product,tdk,https://ic-distributor.com/tdk/products/aluminum-electrolytic-capacitors/b43501a9107m
3,product,tdk,https://ic-distributor.com/tdk/products/film-capacitors/b32652a1154j
3,product,tdk,https://ic-distributor.com/tdk/products/inductors/slf7055t-100m2r0-pf
3,product,tdk-lambda,https://ic-distributor.com/tdk-lambda/products/dc-dc-converters/ccg30-48-12s
3,product,ti,https://ic-distributor.com/ti/products/sensors/tmp117
3,product,tianbo,https://ic-distributor.com/tianbo/products/automotive-relays/hjr-78f-24vdc
3,product,tianbo,https://ic-distributor.com/tianbo/products/high-voltage-dc-relays/trna-270-24vdc
3,product,tianbo,https://ic-distributor.com/tianbo/products/power-relays/tra4-12vdc-s-h
3,product,unisemicon,https://ic-distributor.com/unisemicon/products/nor-flash/un25n064
3,product,unisemicon,https://ic-distributor.com/unisemicon/products/nor-flash/unisemicon-nor-003
3,product,unisoc,https://ic-distributor.com/unisoc/products/fpga/usc9001
3,product,unisplendour,https://ic-distributor.com/unisplendour/products/industrial-control/usmd2208
3,product,unisplendour,https://ic-distributor.com/unisplendour/products/smart-card-ics/thd89
3,product,vicor,https://ic-distributor.com/vicor/products/vi-chip-modules/prm48nf480t200a00
3,product,will,https://ic-distributor.com/will/products/power-management-ics/wl2801
3,product,will,https://ic-distributor.com/will/products/signal-chain-products/ws3210
3,product,will,https://ic-distributor.com/will/products/signal-chain-products/ws4664
3,product,wurth,https://ic-distributor.com/wurth/products/capacitors/890334024005
3,product,wurth,https://ic-distributor.com/wurth/products/inductors/74437349100
3,product,wurth,https://ic-distributor.com/wurth/products/inductors/74437349220
3,product,wurth,https://ic-distributor.com/wurth/products/inductors/7447602100
3,product,wurth,https://ic-distributor.com/wurth/products/inductors/7447602220
3,product,xhsc,https://ic-distributor.com/xhsc/products/interface-ics/xhsc-rs485-500k
3,product,xhsc,https://ic-distributor.com/xhsc/products/mcu/data-pending
3,product,xilinx,https://ic-distributor.com/xilinx/products/alveo/alveo-u50
3,product,xilinx,https://ic-distributor.com/xilinx/products/versal/xcve2802-2lsevsvd1760
3,product,xilinx,https://ic-distributor.com/xilinx/products/versal/xcvm1802-2lsevsvd1760
3,product,xinbole,https://ic-distributor.com/xinbole/products/motor-driver-ics/xb-d5612
3,product,xinleineng,https://ic-distributor.com/xinleineng/products/igbt-modules/xln75t120
3,product,xinleineng,https://ic-distributor.com/xinleineng/products/intelligent-power-modules/xln-ipm30a
3,product,xinleineng,https://ic-distributor.com/xinleineng/products/rectifier-modules/xln-rect100a
3,product,xinzhou,https://ic-distributor.com/xinzhou/products/battery-chargers/xz5001
3,product,xinzhou,https://ic-distributor.com/xinzhou/products/battery-chargers/xz5002
3,product,xinzhou,https://ic-distributor.com/xinzhou/products/battery-chargers/xz5102
3,product,xinzhou,https://ic-distributor.com/xinzhou/products/dcdc-converters/xz1006
3,product,xinzhou,https://ic-distributor.com/xinzhou/products/ldo-regulators/xz3001
3,product,xinzhou,https://ic-distributor.com/xinzhou/products/ldo-regulators/xz3104
3,product,xinzhou,https://ic-distributor.com/xinzhou/products/power-modules/xz7102
3,product,yxc,https://ic-distributor.com/yxc/products/crystal-resonators/yxc-3225-25m
3,product,zlg-power,https://ic-distributor.com/zlg-power/products/custom-power/custom-dc-100w
