网址,上次抓取日期,状态
https://ic-distributor.com/3peak/products/data-converters/,1970-01-01,待定
https://ic-distributor.com/3peak/products/data-converters/tpc1610,1970-01-01,待定
https://ic-distributor.com/3peak/products/motor-drivers/tpm8837,1970-01-01,待定
https://ic-distributor.com/3peak/products/motor-drivers/tpm8838,1970-01-01,待定
https://ic-distributor.com/3peak/solutions/automotive-sensor-solution,1970-01-01,待定
https://ic-distributor.com/3peak/solutions/precision-sensor-interface,1970-01-01,待定
https://ic-distributor.com/3peak/support/opamp-selection-guide,1970-01-01,待定
https://ic-distributor.com/3peak/support/sensor-interface-design,1970-01-01,待定
https://ic-distributor.com/acelamicro/support/data-converter-integration-guide,1970-01-01,待定
https://ic-distributor.com/adi/products/amplifiers/ad620,1970-01-01,待定
https://ic-distributor.com/adi/products/power-management/adp1741,1970-01-01,待定
https://ic-distributor.com/adi/support/power-management-basics,1970-01-01,待定
https://ic-distributor.com/aipu/products/ac-dc-power-modules/,1970-01-01,待定
https://ic-distributor.com/aipu/products/dc-dc-fixed-input/a0505s-1w,1970-01-01,待定
https://ic-distributor.com/aipu/products/dc-dc-fixed-input/a2412s-2w,1970-01-01,待定
https://ic-distributor.com/aipu/products/dc-dc-wide-input/,1970-01-01,待定
https://ic-distributor.com/aipu/products/dc-dc-wide-input/b1215s-2w,1970-01-01,待定
https://ic-distributor.com/aipu/support/dc-dc-selection-guide,1970-01-01,待定
https://ic-distributor.com/aipu/support/thermal-design-guide,1970-01-01,待定
https://ic-distributor.com/aishi/products/radial-lead-capacitors/,1970-01-01,待定
https://ic-distributor.com/aishi/products/radial-lead-capacitors/rs-470uf-50v,1970-01-01,待定
https://ic-distributor.com/aishi/products/screw-terminal-capacitors/st-3300uf-450v,1970-01-01,待定
https://ic-distributor.com/aishi/products/snap-in-capacitors/sn-22000uf-63v,1970-01-01,待定
https://ic-distributor.com/aishi/products/solid-polymer-capacitors/,1970-01-01,待定
https://ic-distributor.com/aishi/solutions/led-driver-solution,1970-01-01,待定
https://ic-distributor.com/aishi/support/aishi-ripple-current-guide,1970-01-01,待定
https://ic-distributor.com/allegro/products/current-sensors/acs720,1970-01-01,待定
https://ic-distributor.com/allegro/products/led-drivers/a6265,1970-01-01,待定
https://ic-distributor.com/allegro/products/led-drivers/a6268,1970-01-01,待定
https://ic-distributor.com/allegro/products/motor-drivers/amt49105,1970-01-01,待定
https://ic-distributor.com/allegro/solutions/industrial-motor-control,1970-01-01,待定
https://ic-distributor.com/allegro/support/,1970-01-01,待定
https://ic-distributor.com/allegro/support/magnetic-sensor-design,1970-01-01,待定
https://ic-distributor.com/allegro/support/motor-control-fundamentals,1970-01-01,待定
https://ic-distributor.com/amec/products/etching-equipment/,1970-01-01,待定
https://ic-distributor.com/amec/products/etching-equipment/primo-ad-rie,1970-01-01,待定
https://ic-distributor.com/amec/products/mocvd-systems/prismo-d-blue,1970-01-01,待定
https://ic-distributor.com/amec/products/process-solutions/amec-fab-solution,1970-01-01,待定
https://ic-distributor.com/amec/products/process-solutions/amec-process-dev,1970-01-01,待定
https://ic-distributor.com/amec/products/thin-film-deposition/,1970-01-01,待定
https://ic-distributor.com/amec/products/thin-film-deposition/primo-pvd,1970-01-01,待定
https://ic-distributor.com/amec/support/process-solutions-selection,1970-01-01,待定
https://ic-distributor.com/analogysemi/products/gate-drivers/ang6202,1970-01-01,待定
https://ic-distributor.com/analogysemi/products/motor-drivers/,1970-01-01,待定
https://ic-distributor.com/analogysemi/products/motor-drivers/ans4208,1970-01-01,待定
https://ic-distributor.com/analogysemi/solutions/bldc-motor-control,1970-01-01,待定
https://ic-distributor.com/analogysemi/support/motor-driver-selection,1970-01-01,待定
https://ic-distributor.com/anlogic/products/elf2-series/,1970-01-01,待定
https://ic-distributor.com/anlogic/products/elf2-series/elf2l15b-3t144n,1970-01-01,待定
https://ic-distributor.com/anlogic/products/elf2-series/elf2l45b-3b256n,1970-01-01,待定
https://ic-distributor.com/anlogic/products/elf2-series/elf2l90b-3b324n,1970-01-01,待定
https://ic-distributor.com/anlogic/solutions/industrial-control-fpga-solution,1970-01-01,待定
https://ic-distributor.com/anlogic/support/anlogic-fpga-selection-guide,1970-01-01,待定
https://ic-distributor.com/anlogic/support/anlogic-power-management,1970-01-01,待定
https://ic-distributor.com/anlogic/support/xilinx-migration-guide,1970-01-01,待定
https://ic-distributor.com/aowei/products/cylindrical-supercapacitors/,1970-01-01,待定
https://ic-distributor.com/aowei/products/cylindrical-supercapacitors/aw-2r7-j107uy,1970-01-01,待定
https://ic-distributor.com/aowei/products/cylindrical-supercapacitors/aw-2r7-j227uy,1970-01-01,待定
https://ic-distributor.com/aowei/support/supercapacitor-basics,1970-01-01,待定
https://ic-distributor.com/aurasemi/products/clock-chips/au5405,1970-01-01,待定
https://ic-distributor.com/aurasemi/products/sensor-interface/,1970-01-01,待定
https://ic-distributor.com/aurasemi/products/sensor-interface/au6050,1970-01-01,待定
https://ic-distributor.com/aurasemi/solutions/5g-timing-solution,1970-01-01,待定
https://ic-distributor.com/aurasemi/solutions/industrial-sensor-solution,1970-01-01,待定
https://ic-distributor.com/autochips/products/automotive-mcus/ac78014,1970-01-01,待定
https://ic-distributor.com/autochips/products/motor-driver-ics/ac7801-motor,1970-01-01,待定
https://ic-distributor.com/autochips/products/motor-driver-ics/ac7840-motor,1970-01-01,待定
https://ic-distributor.com/autochips/products/power-management-ics/ac7840-pmic,1970-01-01,待定
https://ic-distributor.com/autochips/products/sensor-interface-ics/,1970-01-01,待定
https://ic-distributor.com/autochips/products/sensor-interface-ics/ac7801-temp,1970-01-01,待定
https://ic-distributor.com/autochips/products/sensor-interface-ics/ac7840-sensor,1970-01-01,待定
https://ic-distributor.com/autochips/solutions/,1970-01-01,待定
https://ic-distributor.com/autochips/support/automotive-pmic-selection-guide,1970-01-01,待定
https://ic-distributor.com/awinic/products/audio-amplifiers/aw87329,1970-01-01,待定
https://ic-distributor.com/awinic/products/audio-amplifiers/aw87359,1970-01-01,待定
https://ic-distributor.com/awinic/products/led-drivers/,1970-01-01,待定
https://ic-distributor.com/awinic/products/led-drivers/aw3644,1970-01-01,待定
https://ic-distributor.com/awinic/products/power-management/aw3215,1970-01-01,待定
https://ic-distributor.com/awinic/products/rf-front-end/,1970-01-01,待定
https://ic-distributor.com/awinic/products/rf-front-end/aw5020,1970-01-01,待定
https://ic-distributor.com/awinic/support/,1970-01-01,待定
https://ic-distributor.com/biwin/products/consumer-ssds/,1970-01-01,待定
https://ic-distributor.com/biwin/products/consumer-ssds/hp500-2tb,1970-01-01,待定
https://ic-distributor.com/biwin/products/industrial-ssds/,1970-01-01,待定
https://ic-distributor.com/biwin/products/industrial-ssds/ix-nvme-512gb,1970-01-01,待定
https://ic-distributor.com/biwin/products/industrial-ssds/ix200-1tb,1970-01-01,待定
https://ic-distributor.com/biwin/products/industrial-ssds/ix200-512gb,1970-01-01,待定
https://ic-distributor.com/biwin/products/memory-modules/bd4d16g32,1970-01-01,待定
https://ic-distributor.com/biwin/solutions/consumer-storage-solution,1970-01-01,待定
https://ic-distributor.com/biwin/support/biwin-ssd-selection-guide,1970-01-01,待定
https://ic-distributor.com/biwin/support/biwin-troubleshooting,1970-01-01,待定
https://ic-distributor.com/bpsemi/products/acdc-power-management/,1970-01-01,待定
https://ic-distributor.com/bpsemi/products/acdc-power-management/bp87112,1970-01-01,待定
https://ic-distributor.com/bpsemi/support/acdc-converter-selection-guide,1970-01-01,待定
https://ic-distributor.com/bronze-tech/products/wire-to-board/,1970-01-01,待定
https://ic-distributor.com/bronze-tech/products/wire-to-board/wtb-xh-4p-cr,1970-01-01,待定
https://ic-distributor.com/bronze-tech/solutions/ev-charging,1970-01-01,待定
https://ic-distributor.com/bussmann/products/ev-fuses/ev100-300-1,1970-01-01,待定
https://ic-distributor.com/bussmann/products/semiconductor-fuses/170m5816,1970-01-01,待定
https://ic-distributor.com/bussmann/products/semiconductor-fuses/170m5817,1970-01-01,待定
https://ic-distributor.com/bussmann/products/semiconductor-fuses/fwp-200a,1970-01-01,待定
https://ic-distributor.com/bussmann/products/solar-fuses/pv-30a-1500,1970-01-01,待定
https://ic-distributor.com/bussmann/solutions/industrial-power-distribution,1970-01-01,待定
https://ic-distributor.com/bussmann/solutions/solar-protection,1970-01-01,待定
https://ic-distributor.com/bussmann/support/low-voltage-fuse-selection,1970-01-01,待定
https://ic-distributor.com/byd/products/igbt-modules/bg400f08a13l5,1970-01-01,待定
https://ic-distributor.com/byd/products/ipm-modules/,1970-01-01,待定
https://ic-distributor.com/byd/products/ipm-modules/bipm600c30a,1970-01-01,待定
https://ic-distributor.com/byd/products/power-mosfets/bsc020n15ns,1970-01-01,待定
https://ic-distributor.com/byd/products/sic-modules/bm300f12b34u2,1970-01-01,待定
https://ic-distributor.com/byd/products/sic-modules/bm600f12b34u2,1970-01-01,待定
https://ic-distributor.com/byd/solutions/solar-inverter,1970-01-01,待定
https://ic-distributor.com/capxon/products/snap-in-capacitors/sf-3300uf-200v,1970-01-01,待定
https://ic-distributor.com/capxon/products/snap-in-capacitors/sf-4700uf-100v,1970-01-01,待定
https://ic-distributor.com/capxon/solutions/automotive-electronics,1970-01-01,待定
https://ic-distributor.com/capxon/solutions/industrial-power-supply,1970-01-01,待定
https://ic-distributor.com/changdian/products/diodes/,1970-01-01,待定
https://ic-distributor.com/changdian/products/diodes/1n4007,1970-01-01,待定
https://ic-distributor.com/changdian/products/diodes/mbr20100,1970-01-01,待定
https://ic-distributor.com/changdian/products/mosfets/irf3205,1970-01-01,待定
https://ic-distributor.com/changdian/products/mosfets/irf540n,1970-01-01,待定
https://ic-distributor.com/changdian/products/mosfets/irf640n,1970-01-01,待定
https://ic-distributor.com/changdian/products/rectifiers/gbj1510,1970-01-01,待定
https://ic-distributor.com/changdian/products/rectifiers/gbj2510,1970-01-01,待定
https://ic-distributor.com/chemi-con/products/automotive-capacitors/,1970-01-01,待定
https://ic-distributor.com/chemi-con/products/automotive-capacitors/akm-100uf-50v,1970-01-01,待定
https://ic-distributor.com/chemi-con/products/screw-terminal-capacitors/,1970-01-01,待定
https://ic-distributor.com/chemi-con/products/screw-terminal-capacitors/als-22000uf-200v,1970-01-01,待定
https://ic-distributor.com/chemi-con/products/screw-terminal-capacitors/als-47000uf-100v,1970-01-01,待定
https://ic-distributor.com/chemi-con/products/snap-in-capacitors/lxs-10000uf-63v,1970-01-01,待定
https://ic-distributor.com/chemi-con/support/chemi-con-lifetime-calculation,1970-01-01,待定
https://ic-distributor.com/chemi-con/support/chemi-con-troubleshooting,1970-01-01,待定
https://ic-distributor.com/chipanalog/products/digital-isolators/,1970-01-01,待定
https://ic-distributor.com/chipanalog/products/isolated-interfaces/ca-is3420,1970-01-01,待定
https://ic-distributor.com/chipanalog/products/isolated-interfaces/ca-is3430,1970-01-01,待定
https://ic-distributor.com/chipanalog/products/isolated-interfaces/ca-is3440,1970-01-01,待定
https://ic-distributor.com/chipanalog/solutions/industrial-communication-isolation,1970-01-01,待定
https://ic-distributor.com/chipanalog/solutions/motor-drive-isolation,1970-01-01,待定
https://ic-distributor.com/chipon/products/automotive-mcus/kf32a150,1970-01-01,待定
https://ic-distributor.com/chipon/products/automotive-mcus/kf8a100,1970-01-01,待定
https://ic-distributor.com/chipon/products/industrial-mcus/kf1020,1970-01-01,待定
https://ic-distributor.com/chipon/products/motor-control-ics/kf8020,1970-01-01,待定
https://ic-distributor.com/chipon/products/power-management-ics/,1970-01-01,待定
https://ic-distributor.com/chipon/products/power-management-ics/kf6020,1970-01-01,待定
https://ic-distributor.com/chipown/products/dcdc-converters/,1970-01-01,待定
https://ic-distributor.com/chipown/products/dcdc-converters/ap2953,1970-01-01,待定
https://ic-distributor.com/chipown/products/led-drivers/ap360y,1970-01-01,待定
https://ic-distributor.com/chipown/products/led-drivers/ap880x,1970-01-01,待定
https://ic-distributor.com/chipown/products/motor-drivers/ap200x,1970-01-01,待定
https://ic-distributor.com/chipown/solutions/motor-control-solution,1970-01-01,待定
https://ic-distributor.com/chipsea/products/adc-converters/cs1231,1970-01-01,待定
https://ic-distributor.com/chipsea/products/adc-converters/cs1237,1970-01-01,待定
https://ic-distributor.com/chipsea/products/battery-chargers/,1970-01-01,待定
https://ic-distributor.com/chipsea/products/operational-amplifiers/cs6001,1970-01-01,待定
https://ic-distributor.com/chipsea/solutions/precision-sensor-interface,1970-01-01,待定
https://ic-distributor.com/chipsea/support/battery-charger-design,1970-01-01,待定
https://ic-distributor.com/chipsea/support/dcdc-layout-guide,1970-01-01,待定
https://ic-distributor.com/chipsea/support/opamp-zero-drift,1970-01-01,待定
https://ic-distributor.com/cincon/products/dc-dc-converters/ec2a11,1970-01-01,待定
https://ic-distributor.com/cincon/products/medical-power-solutions/ec6m11,1970-01-01,待定
https://ic-distributor.com/clickele/products/power-inductors/,1970-01-01,待定
https://ic-distributor.com/clickele/products/power-inductors/cl-pi-100-4r7,1970-01-01,待定
https://ic-distributor.com/clickele/solutions/emi-filter-design,1970-01-01,待定
https://ic-distributor.com/clickele/solutions/server-power-500w,1970-01-01,待定
https://ic-distributor.com/clickele/support/clickele-emi-filter-guide,1970-01-01,待定
https://ic-distributor.com/clickele/support/clickele-inductor-selection-guide,1970-01-01,待定
https://ic-distributor.com/cmsemicor/products/,1970-01-01,待定
https://ic-distributor.com/cmsemicor/products/8bit-mcu/sc8p8022,1970-01-01,待定
https://ic-distributor.com/cmsemicor/products/analog-soc/,1970-01-01,待定
https://ic-distributor.com/cmsemicor/products/analog-soc/cms8h1215,1970-01-01,待定
https://ic-distributor.com/cmsemicor/solutions/motor-control-solution,1970-01-01,待定
https://ic-distributor.com/cmsemicor/support/touch-mcu-selection,1970-01-01,待定
https://ic-distributor.com/cosel/products/,1970-01-01,待定
https://ic-distributor.com/cosel/products/ac-dc-din-rail/dpf240-24s,1970-01-01,待定
https://ic-distributor.com/cosel/products/ac-dc-enclosed/,1970-01-01,待定
https://ic-distributor.com/cosel/products/ac-dc-enclosed/lfa100f-5,1970-01-01,待定
https://ic-distributor.com/cosel/products/medical-power-supplies/pma150f-24,1970-01-01,待定
https://ic-distributor.com/cosel/products/medical-power-supplies/pma60f-12,1970-01-01,待定
https://ic-distributor.com/cosel/support/medical-power-design,1970-01-01,待定
https://ic-distributor.com/cosmo/products/automotive-photocouplers/kaq1010a,1970-01-01,待定
https://ic-distributor.com/cosmo/products/automotive-photocouplers/kaq3053a,1970-01-01,待定
https://ic-distributor.com/cosmo/products/photocouplers/kmoc3053,1970-01-01,待定
https://ic-distributor.com/cosmo/products/photocouplers/kpc4502,1970-01-01,待定
https://ic-distributor.com/cosmo/support/guanxi-automotive-guide,1970-01-01,待定
https://ic-distributor.com/cosmo/support/guanxi-photocoupler-guide,1970-01-01,待定
https://ic-distributor.com/cosmo/support/guanxi-ssr-guide,1970-01-01,待定
https://ic-distributor.com/cps/products/igbt-modules/cps450h12e4,1970-01-01,待定
https://ic-distributor.com/cps/products/igbt-modules/cps600h12e4,1970-01-01,待定
https://ic-distributor.com/cps/products/power-mosfets/,1970-01-01,待定
https://ic-distributor.com/cps/products/power-mosfets/cs35n65,1970-01-01,待定
https://ic-distributor.com/cree/products/sic-mosfets/c3m0032120k,1970-01-01,待定
https://ic-distributor.com/cree/support/gate-drive-design,1970-01-01,待定
https://ic-distributor.com/crmicro/products/power-management-ic/,1970-01-01,待定
https://ic-distributor.com/crmicro/products/power-mosfet/crsm060n10l2,1970-01-01,待定
https://ic-distributor.com/crmicro/products/power-mosfet/csj100n20a,1970-01-01,待定
https://ic-distributor.com/crmicro/products/protection-devices/p6ke6-8a,1970-01-01,待定
https://ic-distributor.com/crmicro/support/crmicro-protection-devices,1970-01-01,待定
https://ic-distributor.com/crrc/products/current-sensors/crrc-hc1200,1970-01-01,待定
https://ic-distributor.com/crrc/products/current-sensors/crrc-hc800,1970-01-01,待定
https://ic-distributor.com/crrc/products/current-sensors/crrc-sr2000,1970-01-01,待定
https://ic-distributor.com/crrc/products/gate-drivers/,1970-01-01,待定
https://ic-distributor.com/crrc/products/gate-drivers/crrc-gd1200,1970-01-01,待定
https://ic-distributor.com/crrc/products/gate-drivers/crrc-gd650,1970-01-01,待定
https://ic-distributor.com/crrc/products/power-capacitors/crrc-dc1200-4700,1970-01-01,待定
https://ic-distributor.com/crrc/solutions/ev-powertrain,1970-01-01,待定
https://ic-distributor.com/crrc/solutions/renewable-energy-converter,1970-01-01,待定
https://ic-distributor.com/crrc/support/support-3,1970-01-01,待定
https://ic-distributor.com/cxmt/products/ddr5-memory/cxmt-ddr5-24gb-7200-rdimm,1970-01-01,待定
https://ic-distributor.com/cxmt/products/lpddr5x-memory/cxmt-lpddr5x-16gb-10667,1970-01-01,待定
https://ic-distributor.com/cxmt/support/cxmt-ddr5-design-guide,1970-01-01,待定
https://ic-distributor.com/dapu/products/,1970-01-01,待定
https://ic-distributor.com/dapu/products/rf-filters/rf1608-gps,1970-01-01,待定
https://ic-distributor.com/dapu/products/voltage-controlled-oscillators/,1970-01-01,待定
https://ic-distributor.com/dapu/products/voltage-controlled-oscillators/vcxo3225-19m2-50,1970-01-01,待定
https://ic-distributor.com/dapu/products/voltage-controlled-oscillators/vcxo5032-74m25-50,1970-01-01,待定
https://ic-distributor.com/dapu/solutions/gps-timing-solution,1970-01-01,待定
https://ic-distributor.com/dapu/solutions/telecom-synchronization-solution,1970-01-01,待定
https://ic-distributor.com/dosilicon/products/mcp-multi-chip-package/,1970-01-01,待定
https://ic-distributor.com/dosilicon/products/mcp-multi-chip-package/dsmcp64n4g,1970-01-01,待定
https://ic-distributor.com/dosilicon/products/specialty-memory/dsa25q64a,1970-01-01,待定
https://ic-distributor.com/dosilicon/products/specialty-memory/dsa35x04g,1970-01-01,待定
https://ic-distributor.com/dosilicon/products/specialty-memory/dsi25q128i,1970-01-01,待定
https://ic-distributor.com/dosilicon/products/spi-nand-flash/ds35q02g,1970-01-01,待定
https://ic-distributor.com/dosilicon/products/spi-nor-flash/ds25x256e,1970-01-01,待定
https://ic-distributor.com/dosilicon/support/automotive-qualification-guide,1970-01-01,待定
https://ic-distributor.com/eastsoft/products/plc-chips/ssc1670,1970-01-01,待定
https://ic-distributor.com/eastsoft/products/rf-transceivers/,1970-01-01,待定
https://ic-distributor.com/eastsoft/products/rf-transceivers/es8t315,1970-01-01,待定
https://ic-distributor.com/eastsoft/products/system-solutions/es-iot-g1,1970-01-01,待定
https://ic-distributor.com/eastsoft/solutions/smart-meter-plc-solution,1970-01-01,待定
https://ic-distributor.com/eastsoft/support/mcu-selection-guide,1970-01-01,待定
https://ic-distributor.com/eastsoft/support/rf-transceiver-selection-guide,1970-01-01,待定
https://ic-distributor.com/ecec/products/crystal-resonators/hc-49s-8mhz-20pf,1970-01-01,待定
https://ic-distributor.com/ecec/products/mems-oscillators/mems-50mhz-25ppm,1970-01-01,待定
https://ic-distributor.com/ecec/products/timing-modules/,1970-01-01,待定
https://ic-distributor.com/ecec/products/timing-modules/cg-6out-pcie,1970-01-01,待定
https://ic-distributor.com/ecec/solutions/automotive-timing-solution,1970-01-01,待定
https://ic-distributor.com/ecec/support/,1970-01-01,待定
https://ic-distributor.com/ecec/support/pcb-layout-guidelines,1970-01-01,待定
https://ic-distributor.com/electronicon/products/ac-filter-capacitors/e62-f10-502-b20,1970-01-01,待定
https://ic-distributor.com/electronicon/products/dc-link-capacitors/e50-n30-155-mk0,1970-01-01,待定
https://ic-distributor.com/electronicon/products/snubber-capacitors/e12-e93-104-m50,1970-01-01,待定
https://ic-distributor.com/electronicon/solutions/renewable-energy-inverter-solution,1970-01-01,待定
https://ic-distributor.com/electronicon/support/motor-capacitor-application-guide,1970-01-01,待定
https://ic-distributor.com/electronicon/support/snubber-capacitor-design-guide,1970-01-01,待定
https://ic-distributor.com/esiontech/products/low-cost-fpga/es1k-20k64,1970-01-01,待定
https://ic-distributor.com/esiontech/products/low-cost-fpga/es4k-lp,1970-01-01,待定
https://ic-distributor.com/esiontech/solutions/industrial-automation-controller,1970-01-01,待定
https://ic-distributor.com/esiontech/support/fpga-selection-guide,1970-01-01,待定
https://ic-distributor.com/esiontech/support/power-management,1970-01-01,待定
https://ic-distributor.com/esiontech/support/timing-closure-guide,1970-01-01,待定
https://ic-distributor.com/espressif/products/combo-modules/esp32-c6-mini-1,1970-01-01,待定
https://ic-distributor.com/espressif/products/development-boards/esp32-c6-devkitc-1,1970-01-01,待定
https://ic-distributor.com/espressif/products/development-boards/esp32-devkitc-ve,1970-01-01,待定
https://ic-distributor.com/espressif/products/development-boards/esp32-s3-devkitc-1,1970-01-01,待定
https://ic-distributor.com/espressif/support/,1970-01-01,待定
https://ic-distributor.com/espressif/support/esp32-antenna-design,1970-01-01,待定
https://ic-distributor.com/espressif/support/esp32-security-best-practices,1970-01-01,待定
https://ic-distributor.com/faratronic/products/automotive-capacitors/,1970-01-01,待定
https://ic-distributor.com/faratronic/products/automotive-capacitors/c3a3k106k9aha01,1970-01-01,待定
https://ic-distributor.com/faratronic/products/automotive-capacitors/c3b-100nf-100v,1970-01-01,待定
https://ic-distributor.com/faratronic/products/automotive-capacitors/c3b-220nf-100v,1970-01-01,待定
https://ic-distributor.com/faratronic/products/automotive-capacitors/mkp-aec-0-47uf-275v,1970-01-01,待定
https://ic-distributor.com/faratronic/products/emi-suppression-capacitors/mkp-x2-1-0uf-305v,1970-01-01,待定
https://ic-distributor.com/faratronic/products/film-capacitors/,1970-01-01,待定
https://ic-distributor.com/faratronic/products/film-capacitors/cbb21-105j400v,1970-01-01,待定
https://ic-distributor.com/faratronic/products/film-capacitors/cbb21-155j400v,1970-01-01,待定
https://ic-distributor.com/faratronic/products/power-capacitors/c3p3k506k11aha01,1970-01-01,待定
https://ic-distributor.com/faratronic/solutions/industrial-drive-solution,1970-01-01,待定
https://ic-distributor.com/faratronic/solutions/solar-inverter-solution,1970-01-01,待定
https://ic-distributor.com/firstack/products/gate-drivers/,1970-01-01,待定
https://ic-distributor.com/firstack/products/gate-drivers/fgd1021,1970-01-01,待定
https://ic-distributor.com/firstack/products/power-stacks/fsw100-1700,1970-01-01,待定
https://ic-distributor.com/firstack/products/test-equipment/ftc-2000,1970-01-01,待定
https://ic-distributor.com/firstack/products/test-equipment/fte-5000,1970-01-01,待定
https://ic-distributor.com/firstack/solutions/,1970-01-01,待定
https://ic-distributor.com/firstack/support/gate-drive-design-best-practices,1970-01-01,待定
https://ic-distributor.com/firstack/support/how-to-select-firstack-power-stack,1970-01-01,待定
https://ic-distributor.com/fuji/products/discrete-igbts/2mbi300vh-120-50,1970-01-01,待定
https://ic-distributor.com/fuji/products/igbt-modules/2mbi600vn-120-50,1970-01-01,待定
https://ic-distributor.com/fuji/products/sic-mosfets/2fmb600xna-120-50,1970-01-01,待定
https://ic-distributor.com/fuji/products/sic-mosfets/fmf800dx-24a,1970-01-01,待定
https://ic-distributor.com/fuji/solutions/,1970-01-01,待定
https://ic-distributor.com/fuji/support/,1970-01-01,待定
https://ic-distributor.com/fuji/support/protection-circuits,1970-01-01,待定
https://ic-distributor.com/funcience/products/,1970-01-01,待定
https://ic-distributor.com/funcience/products/development-tools/fce-evk-1100,1970-01-01,待定
https://ic-distributor.com/funcience/products/ethercat-controllers/fce1353,1970-01-01,待定
https://ic-distributor.com/funcience/products/industrial-phy/fcphy100,1970-01-01,待定
https://ic-distributor.com/funcience/products/industrial-phy/fcphy105,1970-01-01,待定
https://ic-distributor.com/funcience/products/industrial-phy/fep1000,1970-01-01,待定
https://ic-distributor.com/funcience/support/ethercat-development-guide,1970-01-01,待定
https://ic-distributor.com/funcience/support/ethercat-selection-guide,1970-01-01,待定
https://ic-distributor.com/funcience/support/migration-et1100-guide,1970-01-01,待定
https://ic-distributor.com/funcience/support/troubleshooting-ethercat,1970-01-01,待定
https://ic-distributor.com/fusemi/products/igbt-modules/fsm600h12e4,1970-01-01,待定
https://ic-distributor.com/fusemi/products/mosfets/fsm100n06,1970-01-01,待定
https://ic-distributor.com/fusemi/products/power-modules/,1970-01-01,待定
https://ic-distributor.com/fusemi/products/power-modules/fsp300h12e4,1970-01-01,待定
https://ic-distributor.com/fusemi/products/sic-devices/sc30n1200,1970-01-01,待定
https://ic-distributor.com/fusemi/solutions/industrial-motor-drive,1970-01-01,待定
https://ic-distributor.com/gainsil/products/analog-switches/gs3005,1970-01-01,待定
https://ic-distributor.com/gainsil/products/analog-switches/gs4157,1970-01-01,待定
https://ic-distributor.com/gainsil/products/comparators/,1970-01-01,待定
https://ic-distributor.com/gainsil/products/operational-amplifiers/gs8511-tr,1970-01-01,待定
https://ic-distributor.com/gainsil/support/opamp-selection-guide,1970-01-01,待定
https://ic-distributor.com/galaxycore/products/automotive-image-sensors/gc2053-a,1970-01-01,待定
https://ic-distributor.com/galaxycore/products/cmos-image-sensors/,1970-01-01,待定
https://ic-distributor.com/galaxycore/products/cmos-image-sensors/gc08a3,1970-01-01,待定
https://ic-distributor.com/galaxycore/products/display-driver-ics/gc9503,1970-01-01,待定
https://ic-distributor.com/galaxycore/products/security-iot-sensors/gc032a,1970-01-01,待定
https://ic-distributor.com/galaxycore/products/security-iot-sensors/gc4663,1970-01-01,待定
https://ic-distributor.com/gejian-semi/products/gate-drivers/gjgd1201,1970-01-01,待定
https://ic-distributor.com/gejian-semi/products/gate-drivers/gjgd1201s,1970-01-01,待定
https://ic-distributor.com/gejian-semi/products/igbts/,1970-01-01,待定
https://ic-distributor.com/gejian-semi/products/igbts/gjigbt40n65f,1970-01-01,待定
https://ic-distributor.com/gejian-semi/products/power-modules/gjipm30n65i,1970-01-01,待定
https://ic-distributor.com/gejian-semi/products/sic-mosfets/,1970-01-01,待定
https://ic-distributor.com/gejian-semi/solutions/renewable-energy-solution,1970-01-01,待定
https://ic-distributor.com/gejian-semi/support/gejian-thermal-design-guide,1970-01-01,待定
https://ic-distributor.com/genesic/products/power-management/,1970-01-01,待定
https://ic-distributor.com/genesic/products/power-management/genesic-pm001,1970-01-01,待定
https://ic-distributor.com/genesic/products/sic-diodes/,1970-01-01,待定
https://ic-distributor.com/genesic/products/sic-mosfets/gb40mps12-120,1970-01-01,待定
https://ic-distributor.com/genesic/solutions/aerospace-power,1970-01-01,待定
https://ic-distributor.com/genesic/support/aerospace-applications,1970-01-01,待定
https://ic-distributor.com/genesic/support/gate-drive-design,1970-01-01,待定
https://ic-distributor.com/genesic/support/sic-mosfet-selection,1970-01-01,待定
https://ic-distributor.com/genuway/products/crystal-oscillators/gxo-3225-50m,1970-01-01,待定
https://ic-distributor.com/genuway/products/crystal-oscillators/gxo-5032-12m,1970-01-01,待定
https://ic-distributor.com/genuway/products/crystal-resonators/gxr-3225-25m,1970-01-01,待定
https://ic-distributor.com/genuway/products/differential-oscillators/gxo-lvds-156m,1970-01-01,待定
https://ic-distributor.com/genuway/support/,1970-01-01,待定
https://ic-distributor.com/giantec/products/nor-flash/gt25q32a,1970-01-01,待定
https://ic-distributor.com/gigadevice/products/development-tools/gd32f303c-eval,1970-01-01,待定
https://ic-distributor.com/gigadevice/products/mcu/,1970-01-01,待定
https://ic-distributor.com/gigadevice/products/nand-flash/gd5f1gq4uayig,1970-01-01,待定
https://ic-distributor.com/gigadevice/products/nor-flash/gd25le64e,1970-01-01,待定
https://ic-distributor.com/gigadevice/products/nor-flash/gd25q256eyig,1970-01-01,待定
https://ic-distributor.com/gigadevice/support/,1970-01-01,待定
https://ic-distributor.com/gigadevice/support/pcb-layout-best-practices,1970-01-01,待定
https://ic-distributor.com/goertek/products/mems-microphones/,1970-01-01,待定
https://ic-distributor.com/goertek/products/mems-sensors/spl07-003,1970-01-01,待定
https://ic-distributor.com/goertek/products/micro-speakers/spk1318wp,1970-01-01,待定
https://ic-distributor.com/goertek/products/precision-components/,1970-01-01,待定
https://ic-distributor.com/goertek/products/precision-components/spc-al6061,1970-01-01,待定
https://ic-distributor.com/goertek/products/precision-components/spc-pbt,1970-01-01,待定
https://ic-distributor.com/goertek/products/precision-components/spm-vib1030,1970-01-01,待定
https://ic-distributor.com/goertek/solutions/voice-assistants,1970-01-01,待定
https://ic-distributor.com/gowin/products/arora-fpga/gw2a-lv55pg484c8-i7,1970-01-01,待定
https://ic-distributor.com/gowin/products/ip-cores/ddr3-ctrl-ip,1970-01-01,待定
https://ic-distributor.com/gowin/products/ip-cores/mipi-csi2-rx-ip,1970-01-01,待定
https://ic-distributor.com/gowin/products/littlebee-fpga/,1970-01-01,待定
https://ic-distributor.com/gowin/products/tang-nano-boards/tang-nano-20k,1970-01-01,待定
https://ic-distributor.com/gowin/solutions/edge-ai-accelerator,1970-01-01,待定
https://ic-distributor.com/gowin/support/littlebee-selection-guide,1970-01-01,待定
https://ic-distributor.com/hangshun/products/general-purpose-mcu/hs32f405rgt6,1970-01-01,待定
https://ic-distributor.com/hangshun/products/motor-control-mcu/hs32m100c8t6,1970-01-01,待定
https://ic-distributor.com/hangshun/products/motor-control-mcu/hs32m200rgt6,1970-01-01,待定
https://ic-distributor.com/hangshun/solutions/,1970-01-01,待定
https://ic-distributor.com/hangshun/solutions/home-appliance-control,1970-01-01,待定
https://ic-distributor.com/hangshun/support/motor-control-guide,1970-01-01,待定
https://ic-distributor.com/hangshun/support/wireless-design-guide,1970-01-01,待定
https://ic-distributor.com/hawun/products/dc-dc-converters/hd03-3v3,1970-01-01,待定
https://ic-distributor.com/hawun/solutions/medical-power-solution,1970-01-01,待定
https://ic-distributor.com/hawun/solutions/telecom-power-solution,1970-01-01,待定
https://ic-distributor.com/hci/products/analog-ics/hci-an001,1970-01-01,待定
https://ic-distributor.com/hci/products/analog-ics/hci-an002,1970-01-01,待定
https://ic-distributor.com/hci/products/analog-ics/hci-an003,1970-01-01,待定
https://ic-distributor.com/hci/products/interface/hci-in002,1970-01-01,待定
https://ic-distributor.com/hci/products/interface/hci-in004,1970-01-01,待定
https://ic-distributor.com/hci/products/power-management/hci-pm002,1970-01-01,待定
https://ic-distributor.com/hci/products/sensors/hci-se004,1970-01-01,待定
https://ic-distributor.com/hci/support/troubleshooting,1970-01-01,待定
https://ic-distributor.com/hdsc/products/general-purpose-mcus/hc32f4a0ritb-lqfp64,1970-01-01,待定
https://ic-distributor.com/hdsc/solutions/smart-metering-solution,1970-01-01,待定
https://ic-distributor.com/hdsc/support/,1970-01-01,待定
https://ic-distributor.com/hdsc/support/hdsc-development-tools,1970-01-01,待定
https://ic-distributor.com/hgsemi/products/logic-devices/hg74hc04,1970-01-01,待定
https://ic-distributor.com/hgsemi/products/power-management/hg6206,1970-01-01,待定
https://ic-distributor.com/hgsemi/solutions/industrial-sensor-interface,1970-01-01,待定
https://ic-distributor.com/hgsemi/solutions/iot-power-management,1970-01-01,待定
https://ic-distributor.com/hgsemi/support/opamp-selection,1970-01-01,待定
https://ic-distributor.com/hisilicon/products/ai-accelerators/ascend-910,1970-01-01,待定
https://ic-distributor.com/hisilicon/products/connectivity-solutions/,1970-01-01,待定
https://ic-distributor.com/hisilicon/products/mobile-processors/kirin-820-5g,1970-01-01,待定
https://ic-distributor.com/hisilicon/products/mobile-processors/kirin-9000,1970-01-01,待定
https://ic-distributor.com/hisilicon/support/mobile-processor-selection,1970-01-01,待定
https://ic-distributor.com/hjc/products/film-capacitors/hjcf-155k400v,1970-01-01,待定
https://ic-distributor.com/hjc/products/mlcc/,1970-01-01,待定
https://ic-distributor.com/hjc/products/mlcc/hjc-0805-50v-104k-x7r,1970-01-01,待定
https://ic-distributor.com/hjc/products/supercapacitors/,1970-01-01,待定
https://ic-distributor.com/hjc/products/supercapacitors/hjc-hc-200f-2-7v,1970-01-01,待定
https://ic-distributor.com/hjc/solutions/industrial-automation-solutions,1970-01-01,待定
https://ic-distributor.com/hongfa/,1970-01-01,待定
https://ic-distributor.com/hongfa/products/automotive-relays/hfv6-012-1hst,1970-01-01,待定
https://ic-distributor.com/hongfa/products/high-voltage-dc-relays/hfe100v-120-24h-c5,1970-01-01,待定
https://ic-distributor.com/hongfa/products/high-voltage-dc-relays/hfe82v-100-12h-c5,1970-01-01,待定
https://ic-distributor.com/hongfa/products/high-voltage-dc-relays/hfe88v-250-12h-c5,1970-01-01,待定
https://ic-distributor.com/hongfa/products/high-voltage-dc-relays/hfe90v-80-24h-c5,1970-01-01,待定
https://ic-distributor.com/hongfa/products/industrial-relays/hf43f-024-1zst,1970-01-01,待定
https://ic-distributor.com/hongfa/products/latching-relays/hfe21-1-5hst,1970-01-01,待定
https://ic-distributor.com/hongfa/products/power-relays/,1970-01-01,待定
https://ic-distributor.com/hongfa/products/power-relays/hf105f-012-1hstf,1970-01-01,待定
https://ic-distributor.com/hongfa/products/power-relays/hf33f-024-2zs,1970-01-01,待定
https://ic-distributor.com/hongfa/products/signal-relays/hfd41-012-2zs,1970-01-01,待定
https://ic-distributor.com/hongfa/products/signal-relays/hfd45-024-1zs,1970-01-01,待定
https://ic-distributor.com/hongfa/support/,1970-01-01,待定
https://ic-distributor.com/hongfa/support/hvdc-relay-appnote,1970-01-01,待定
https://ic-distributor.com/hongfa/support/relay-selection-guide,1970-01-01,待定
https://ic-distributor.com/hongfa/support/ul-certification,1970-01-01,待定
https://ic-distributor.com/infineon/products/gate-driver/,1970-01-01,待定
https://ic-distributor.com/infineon/products/gate-driver/infineon-ga002,1970-01-01,待定
https://ic-distributor.com/infineon/products/mosfet/ipb014n06n,1970-01-01,待定
https://ic-distributor.com/injoinic/products/battery-management-ics/ip3005,1970-01-01,待定
https://ic-distributor.com/injoinic/products/fast-charging-protocol-ics/,1970-01-01,待定
https://ic-distributor.com/injoinic/products/fast-charging-protocol-ics/ip2726,1970-01-01,待定
https://ic-distributor.com/injoinic/products/power-management-ics/ip6505,1970-01-01,待定
https://ic-distributor.com/injoinic/support/fast-charging-ic-selection,1970-01-01,待定
https://ic-distributor.com/inventchip/solutions/solar-energy,1970-01-01,待定
https://ic-distributor.com/ixys/products/igbt-modules/,1970-01-01,待定
https://ic-distributor.com/ixys/products/power-diodes/dsei120-06a,1970-01-01,待定
https://ic-distributor.com/ixys/products/power-diodes/dsei60-06a,1970-01-01,待定
https://ic-distributor.com/ixys/products/power-mosfets/ixtp96n15t,1970-01-01,待定
https://ic-distributor.com/jianghai/products/aluminum-electrolytic-large/cd139-10000uf-450v,1970-01-01,待定
https://ic-distributor.com/jianghai/products/aluminum-electrolytic-small/cd11-1000uf-25v,1970-01-01,待定
https://ic-distributor.com/jianghai/products/film-capacitor/snubber-0.47uf-1200v,1970-01-01,待定
https://ic-distributor.com/jingwei-qili/products/hme-a-series/,1970-01-01,待定
https://ic-distributor.com/jingwei-qili/products/hme-a-series/hme-a5c300,1970-01-01,待定
https://ic-distributor.com/jingwei-qili/products/hme-h-series/hme-h3c08,1970-01-01,待定
https://ic-distributor.com/jingwei-qili/solutions/industrial-machine-vision,1970-01-01,待定
https://ic-distributor.com/jisemi/products/industrial-ethernet/,1970-01-01,待定
https://ic-distributor.com/jisemi/products/industrial-ethernet/jl8001,1970-01-01,待定
https://ic-distributor.com/jisemi/products/interface-ics/,1970-01-01,待定
https://ic-distributor.com/jisemi/products/interface-ics/jl9001,1970-01-01,待定
https://ic-distributor.com/joulwatt/products/ac-dc/jw1550,1970-01-01,待定
https://ic-distributor.com/joulwatt/products/dc-dc/jw5070,1970-01-01,待定
https://ic-distributor.com/joulwatt/products/gate-driver/jw5120,1970-01-01,待定
https://ic-distributor.com/joulwatt/products/ldo/jw5210,1970-01-01,待定
https://ic-distributor.com/joulwatt/solutions/industrial-power-supply,1970-01-01,待定
https://ic-distributor.com/joulwatt/support/dc-dc-selection-guide,1970-01-01,待定
https://ic-distributor.com/joulwatt/support/gate-driver-selection-guide,1970-01-01,待定
https://ic-distributor.com/lattice/products/crosslink-mipi/,1970-01-01,待定
https://ic-distributor.com/lattice/products/development-kits/certuspro-nx-evb,1970-01-01,待定
https://ic-distributor.com/lattice/products/nexus-platform/,1970-01-01,待定
https://ic-distributor.com/lattice/solutions/mipi-video-connectivity,1970-01-01,待定
https://ic-distributor.com/lattice/support/nexus-fpga-getting-started,1970-01-01,待定
https://ic-distributor.com/lattice/support/sensai-ai-implementation,1970-01-01,待定
https://ic-distributor.com/lelon/products/,1970-01-01,待定
https://ic-distributor.com/lelon/products/snap-in-capacitors/lgu-10000uf-63v,1970-01-01,待定
https://ic-distributor.com/lelon/solutions/consumer-electronics-solutions,1970-01-01,待定
https://ic-distributor.com/lelon/solutions/industrial-power-solutions,1970-01-01,待定
https://ic-distributor.com/lelon/support/lelon-selection-guide,1970-01-01,待定
https://ic-distributor.com/lelon/support/lelon-troubleshooting,1970-01-01,待定
https://ic-distributor.com/lem/products/automotive-sensors/ho-120-p,1970-01-01,待定
https://ic-distributor.com/lem/products/current-transducers/,1970-01-01,待定
https://ic-distributor.com/lem/products/industrial-sensors/hais-400-p,1970-01-01,待定
https://ic-distributor.com/lem/products/voltage-transducers/dvl-500,1970-01-01,待定
https://ic-distributor.com/lem/solutions/pv-inverter-sensor-solution,1970-01-01,待定
https://ic-distributor.com/linco/products/automotive-mcus/,1970-01-01,待定
https://ic-distributor.com/linco/products/automotive-mcus/lks32at086n8q9,1970-01-01,待定
https://ic-distributor.com/linco/products/gate-drivers/lks-gd-6n-1a5,1970-01-01,待定
https://ic-distributor.com/linsimicro/products/interface-ics/lcn1050,1970-01-01,待定
https://ic-distributor.com/linsimicro/products/interface-ics/lrs485,1970-01-01,待定
https://ic-distributor.com/linsimicro/products/power-management/,1970-01-01,待定
https://ic-distributor.com/linsimicro/solutions/industrial-data-acquisition,1970-01-01,待定
https://ic-distributor.com/linsimicro/support/sensor-interface-selection,1970-01-01,待定
https://ic-distributor.com/liteon/products/,1970-01-01,待定
https://ic-distributor.com/liteon/products/led-components/ltpl-c036uvg375,1970-01-01,待定
https://ic-distributor.com/liteon/products/optocouplers/ltv-356t,1970-01-01,待定
https://ic-distributor.com/liteon/products/optocouplers/ltv-814,1970-01-01,待定
https://ic-distributor.com/liteon/products/power-management/pda-30w,1970-01-01,待定
https://ic-distributor.com/liteon/products/power-management/pse-12v,1970-01-01,待定
https://ic-distributor.com/liteon/support/sensor-interface-design,1970-01-01,待定
https://ic-distributor.com/littelfuse/products/circuit-protection/0451015-mrl,1970-01-01,待定
https://ic-distributor.com/littelfuse/products/circuit-protection/smaj16ca,1970-01-01,待定
https://ic-distributor.com/littelfuse/products/sensors/,1970-01-01,待定
https://ic-distributor.com/littelfuse/solutions/industrial-motor-drive,1970-01-01,待定
https://ic-distributor.com/littelfuse/support/protection-circuit-design,1970-01-01,待定
https://ic-distributor.com/longsys/products/embedded-storage/,1970-01-01,待定
https://ic-distributor.com/longsys/products/memory-modules/ld4u320016g,1970-01-01,待定
https://ic-distributor.com/longsys/products/portable-storage/,1970-01-01,待定
https://ic-distributor.com/longsys/products/solid-state-drives/,1970-01-01,待定
https://ic-distributor.com/longsys/products/solid-state-drives/fn01tb-80a22,1970-01-01,待定
https://ic-distributor.com/longsys/products/solid-state-drives/fs01tb-35m41,1970-01-01,待定
https://ic-distributor.com/longsys/support/embedded-storage-selection-guide,1970-01-01,待定
https://ic-distributor.com/loongson/products/chipsets-bridge-chips/,1970-01-01,待定
https://ic-distributor.com/loongson/products/chipsets-bridge-chips/7a1000,1970-01-01,待定
https://ic-distributor.com/loongson/products/desktop-server-processors/3c5000,1970-01-01,待定
https://ic-distributor.com/loongson/products/embedded-processors/2k1000,1970-01-01,待定
https://ic-distributor.com/loongson/solutions/desktop-workstation-solution,1970-01-01,待定
https://ic-distributor.com/loongson/support/hardware-design-guide,1970-01-01,待定
https://ic-distributor.com/lowpowersemi/products/battery-charger/,1970-01-01,待定
https://ic-distributor.com/lowpowersemi/products/battery-charger/lp4054,1970-01-01,待定
https://ic-distributor.com/lowpowersemi/products/battery-charger/lp4060,1970-01-01,待定
https://ic-distributor.com/lowpowersemi/products/ldo/lp3990-33,1970-01-01,待定
https://ic-distributor.com/lowpowersemi/products/ldo/lp5907-33,1970-01-01,待定
https://ic-distributor.com/lowpowersemi/products/load-switch/lp5242,1970-01-01,待定
https://ic-distributor.com/macmic/products/fred-modules/,1970-01-01,待定
https://ic-distributor.com/macmic/products/igbt-modules/mmg200hb120t1a,1970-01-01,待定
https://ic-distributor.com/macmic/products/igbt-modules/mmg600wb060b,1970-01-01,待定
https://ic-distributor.com/macmic/products/power-discrete/mmg30j060u1,1970-01-01,待定
https://ic-distributor.com/macmic/support/macmic-thermal-management,1970-01-01,待定
https://ic-distributor.com/macrosilicon/products/hdmi-mipi-converters/ms9601,1970-01-01,待定
https://ic-distributor.com/macrosilicon/products/multimedia-soc/ms8200,1970-01-01,待定
https://ic-distributor.com/macrosilicon/products/usb-video-capture/ms2107,1970-01-01,待定
https://ic-distributor.com/macrosilicon/solutions/live-streaming-system,1970-01-01,待定
https://ic-distributor.com/macrosilicon/support/video-processing-guide,1970-01-01,待定
https://ic-distributor.com/meanwell/products/ac-dc-enclosed/,1970-01-01,待定
https://ic-distributor.com/meanwell/products/dc-dc-converters/rsd-30g-5,1970-01-01,待定
https://ic-distributor.com/meanwell/products/led-drivers/hlg-320h-48a,1970-01-01,待定
https://ic-distributor.com/meanwell/products/led-drivers/lpf-60d-24,1970-01-01,待定
https://ic-distributor.com/meanwell/products/medical-power/rps-200-24-c,1970-01-01,待定
https://ic-distributor.com/meanwell/support/troubleshooting,1970-01-01,待定
https://ic-distributor.com/memsensing/products/accelerometers/msa-100g,1970-01-01,待定
https://ic-distributor.com/memsensing/products/mems-microphones/msm-261s4030a,1970-01-01,待定
https://ic-distributor.com/memsensing/products/mems-microphones/msm-261s4031a,1970-01-01,待定
https://ic-distributor.com/memsensing/products/mems-microphones/msm-261s4031h,1970-01-01,待定
https://ic-distributor.com/memsensing/products/pressure-sensors/msp-100kpa-d,1970-01-01,待定
https://ic-distributor.com/memsensing/solutions/industrial-process-control,1970-01-01,待定
https://ic-distributor.com/memsensing/support/automotive-sensor-integration,1970-01-01,待定
https://ic-distributor.com/mersen/products/dc-fuses/fd400-1000,1970-01-01,待定
https://ic-distributor.com/mersen/products/dc-fuses/fd500-1000,1970-01-01,待定
https://ic-distributor.com/mersen/products/high-speed-fuses/pc100-1000,1970-01-01,待定
https://ic-distributor.com/mersen/products/industrial-fuses/nh200-690,1970-01-01,待定
https://ic-distributor.com/mersen/products/surge-protection/st80-3p,1970-01-01,待定
https://ic-distributor.com/mersen/support/dc-fuse-selection,1970-01-01,待定
https://ic-distributor.com/mersen/support/high-speed-fuse-selection,1970-01-01,待定
https://ic-distributor.com/mersen/support/industrial-fuse-selection,1970-01-01,待定
https://ic-distributor.com/mersen/support/technical-reference---mersen,1970-01-01,待定
https://ic-distributor.com/microchip/products/analog-products/mcp6001,1970-01-01,待定
https://ic-distributor.com/microchip/products/connectivity/,1970-01-01,待定
https://ic-distributor.com/microchip/products/connectivity/atwinc3400,1970-01-01,待定
https://ic-distributor.com/microchip/products/connectivity/mcp2551,1970-01-01,待定
https://ic-distributor.com/microchip/products/microcontrollers/atsamd21g18a,1970-01-01,待定
https://ic-distributor.com/microchip/products/power-management/mcp1703,1970-01-01,待定
https://ic-distributor.com/microchip/products/power-management/mcp73831,1970-01-01,待定
https://ic-distributor.com/microchip/products/power-management/tc7660,1970-01-01,待定
https://ic-distributor.com/micron/products/dram-memory/,1970-01-01,待定
https://ic-distributor.com/micron/products/nand-flash/mt29f4t08gmlcej4-37res,1970-01-01,待定
https://ic-distributor.com/micron/products/ssd-storage/,1970-01-01,待定
https://ic-distributor.com/micron/products/ssd-storage/mtfdkba512tfr-1bc1zabyy,1970-01-01,待定
https://ic-distributor.com/micron/solutions/data-center-server-memory,1970-01-01,待定
https://ic-distributor.com/micron/support/,1970-01-01,待定
https://ic-distributor.com/micron/support/micron-dram-selection-guide,1970-01-01,待定
https://ic-distributor.com/micron/support/micron-ssd-selection-guide,1970-01-01,待定
https://ic-distributor.com/mindmotion/products/mm32f-series/mm32f0144c6p,1970-01-01,待定
https://ic-distributor.com/mindmotion/products/mm32f-series/mm32f5277g9p,1970-01-01,待定
https://ic-distributor.com/mindmotion/products/mm32spin-series/mm32spin360pf,1970-01-01,待定
https://ic-distributor.com/mindmotion/solutions/industrial-automation-control,1970-01-01,待定
https://ic-distributor.com/mindmotion/support/mm32l-low-power-design,1970-01-01,待定
https://ic-distributor.com/mitsubishi/products/dipipm/ps217a4-astx,1970-01-01,待定
https://ic-distributor.com/mitsubishi/products/igbt-modules/cm600dy-24a,1970-01-01,待定
https://ic-distributor.com/mitsubishi/products/igbt-modules/cm600hu-12f,1970-01-01,待定
https://ic-distributor.com/mitsubishi/products/ipm-modules/ps21965-paxc,1970-01-01,待定
https://ic-distributor.com/mitsubishi/solutions/industrial-drive-solution,1970-01-01,待定
https://ic-distributor.com/mitsubishi/solutions/solar-ev-solution,1970-01-01,待定
https://ic-distributor.com/mitsubishi/support/,1970-01-01,待定
https://ic-distributor.com/mitsubishi/support/igbt-module-selection,1970-01-01,待定
https://ic-distributor.com/mitsubishi/support/sic-mosfet-design-guide,1970-01-01,待定
https://ic-distributor.com/montage/products/ddr4-memory-interface/m88ddr4db02,1970-01-01,待定
https://ic-distributor.com/montage/products/ddr5-memory-interface/m88dr5db01,1970-01-01,待定
https://ic-distributor.com/montage/products/jintide-server/jintide-c4p,1970-01-01,待定
https://ic-distributor.com/montage/products/pcie-retimer/m88rt50816,1970-01-01,待定
https://ic-distributor.com/montage/support/ddr5-memory-interface-guide,1970-01-01,待定
https://ic-distributor.com/mornsun/products/ac-dc-switching-power-supplies/,1970-01-01,待定
https://ic-distributor.com/mornsun/products/dc-dc-converters/k7805-2000r3,1970-01-01,待定
https://ic-distributor.com/mornsun/products/dc-dc-converters/urb2412ymd-20wr3,1970-01-01,待定
https://ic-distributor.com/mornsun/products/dc-dc-converters/urb2415ymd-20wr3,1970-01-01,待定
https://ic-distributor.com/mornsun/products/din-rail-power-supplies/li120-20b24,1970-01-01,待定
https://ic-distributor.com/mornsun/products/din-rail-power-supplies/li240-20b24,1970-01-01,待定
https://ic-distributor.com/mornsun/support/mornsun-gate-driver-selection-guide,1970-01-01,待定
https://ic-distributor.com/mornsun/support/mornsun-renewable-energy-design-guide,1970-01-01,待定
https://ic-distributor.com/mps/products/ac-dc-controllers/,1970-01-01,待定
https://ic-distributor.com/mps/products/ac-dc-controllers/mp44010,1970-01-01,待定
https://ic-distributor.com/mps/products/dc-dc-converters/mpq2143,1970-01-01,待定
https://ic-distributor.com/mps/products/motor-drivers/mpq6541,1970-01-01,待定
https://ic-distributor.com/mps/solutions/,1970-01-01,待定
https://ic-distributor.com/mps/solutions/industrial-power-supply,1970-01-01,待定
https://ic-distributor.com/mps/support/battery-charger-selection-guide,1970-01-01,待定
https://ic-distributor.com/mps/support/thermal-design-guide,1970-01-01,待定
https://ic-distributor.com/mxtronics/products/data-converters/mxd1604,1970-01-01,待定
https://ic-distributor.com/mxtronics/products/interface-ics/,1970-01-01,待定
https://ic-distributor.com/mxtronics/products/power-management/mxl7833,1970-01-01,待定
https://ic-distributor.com/mxtronics/products/power-management/mxp34063rt,1970-01-01,待定
https://ic-distributor.com/mxtronics/products/signal-conditioning/,1970-01-01,待定
https://ic-distributor.com/mxtronics/products/signal-conditioning/mxi124,1970-01-01,待定
https://ic-distributor.com/mxtronics/solutions/,1970-01-01,待定
https://ic-distributor.com/mxtronics/solutions/industrial-automation-control-system,1970-01-01,待定
https://ic-distributor.com/mxtronics/support/customer-case-satellite-success,1970-01-01,待定
https://ic-distributor.com/mxtronics/support/radiation-tolerant-design-guide,1970-01-01,待定
https://ic-distributor.com/narada/products/energy-storage-systems/ess-500k,1970-01-01,待定
https://ic-distributor.com/narada/products/lithium-ion-batteries/nlp48-100,1970-01-01,待定
https://ic-distributor.com/narada/products/telecom-power-solutions/tel12-150ft,1970-01-01,待定
https://ic-distributor.com/narada/support/lithium-ion-battery-selection-guide,1970-01-01,待定
https://ic-distributor.com/nce/products/gan-devices/,1970-01-01,待定
https://ic-distributor.com/nce/products/igbts/nce20n60,1970-01-01,待定
https://ic-distributor.com/nce/products/mosfets/,1970-01-01,待定
https://ic-distributor.com/nce/products/mosfets/nce60n06,1970-01-01,待定
https://ic-distributor.com/nce/products/mosfets/ncep60t20,1970-01-01,待定
https://ic-distributor.com/nce/products/power-modules/nce450h12e4,1970-01-01,待定
https://ic-distributor.com/nce/support/mosfet-selection-guide,1970-01-01,待定
https://ic-distributor.com/nichicon/products/aluminum-electrolytic/,1970-01-01,待定
https://ic-distributor.com/nichicon/products/aluminum-electrolytic/lxz25vb471m8x20ll,1970-01-01,待定
https://ic-distributor.com/nichicon/products/aluminum-electrolytic/ucy2g220mpd,1970-01-01,待定
https://ic-distributor.com/nichicon/products/conductive-polymer/pcf1c330mcl1gs,1970-01-01,待定
https://ic-distributor.com/nichicon/products/conductive-polymer/pcl1a221mcl1gs,1970-01-01,待定
https://ic-distributor.com/nichicon/products/conductive-polymer/pcl1c101mcl1gs,1970-01-01,待定
https://ic-distributor.com/nichicon/products/edlc-supercapacitors/,1970-01-01,待定
https://ic-distributor.com/nichicon/products/edlc-supercapacitors/jjd0e105,1970-01-01,待定
https://ic-distributor.com/nichicon/products/edlc-supercapacitors/jjd0e225,1970-01-01,待定
https://ic-distributor.com/nichicon/support/nichicon-troubleshooting,1970-01-01,待定
https://ic-distributor.com/novosense/products/digital-isolators/,1970-01-01,待定
https://ic-distributor.com/novosense/products/digital-isolators/nsi8240,1970-01-01,待定
https://ic-distributor.com/novosense/products/isolated-gate-drivers/,1970-01-01,待定
https://ic-distributor.com/novosense/products/isolated-gate-drivers/nsi6230,1970-01-01,待定
https://ic-distributor.com/novosense/products/isolated-transceivers/nsi8300,1970-01-01,待定
https://ic-distributor.com/novosense/products/signal-chain/nsc2862,1970-01-01,待定
https://ic-distributor.com/novosense/support/isolated-transceiver-guide,1970-01-01,待定
https://ic-distributor.com/nxp/products/analog-ics/nafe13144,1970-01-01,待定
https://ic-distributor.com/nxp/products/analog-ics/nafe13188,1970-01-01,待定
https://ic-distributor.com/nxp/products/analog-ics/nafe13388,1970-01-01,待定
https://ic-distributor.com/nxp/products/interface/sja1105,1970-01-01,待定
https://ic-distributor.com/nxp/products/interface/tja1043,1970-01-01,待定
https://ic-distributor.com/nxp/products/interface/tja1101b,1970-01-01,待定
https://ic-distributor.com/nxp/products/power-management/,1970-01-01,待定
https://ic-distributor.com/nxp/products/sensors/,1970-01-01,待定
https://ic-distributor.com/nxp/support/getting-started,1970-01-01,待定
https://ic-distributor.com/onsemi/products/automotive-power-modules/nxh025n120scq1,1970-01-01,待定
https://ic-distributor.com/onsemi/products/mosfets/,1970-01-01,待定
https://ic-distributor.com/onsemi/products/mosfets/nthl014n65s3f,1970-01-01,待定
https://ic-distributor.com/onsemi/solutions/motor-drive-solution,1970-01-01,待定
https://ic-distributor.com/onsemi/support/gate-driver-selection,1970-01-01,待定
https://ic-distributor.com/oriental/products/,1970-01-01,待定
https://ic-distributor.com/oriental/products/igbt-discrete/oig75n120h,1970-01-01,待定
https://ic-distributor.com/oriental/products/igbt-discrete/oigw40n65h,1970-01-01,待定
https://ic-distributor.com/oriental/products/igbt-modules/oim200-12e4,1970-01-01,待定
https://ic-distributor.com/oriental/products/igbt-modules/orm600h12e4,1970-01-01,待定
https://ic-distributor.com/oriental/solutions/ev-motor-drive-solution,1970-01-01,待定
https://ic-distributor.com/oriental/support/igbt-module-selection-guide,1970-01-01,待定
https://ic-distributor.com/oriental/support/sic-device-application-guide,1970-01-01,待定
https://ic-distributor.com/p-duke/products/ac-dc-power-modules/lps90-24,1970-01-01,待定
https://ic-distributor.com/p-duke/products/dc-dc-converters/,1970-01-01,待定
https://ic-distributor.com/p-duke/products/dc-dc-converters/ec4aw24-72s05,1970-01-01,待定
https://ic-distributor.com/p-duke/solutions/railway-power-system,1970-01-01,待定
https://ic-distributor.com/p-duke/support/railway-power-supply-selection,1970-01-01,待定
https://ic-distributor.com/p-duke/support/thermal-design-guide,1970-01-01,待定
https://ic-distributor.com/panasonic/products/aluminum-electrolytic-capacitors/,1970-01-01,待定
https://ic-distributor.com/panasonic/products/aluminum-electrolytic-capacitors/eeufs1e102,1970-01-01,待定
https://ic-distributor.com/panasonic/products/electromechanical-relays/aldp112,1970-01-01,待定
https://ic-distributor.com/panasonic/products/electromechanical-relays/dsp1a-dc24v,1970-01-01,待定
https://ic-distributor.com/panasonic/support/electrolytic-capacitor-selection-guide,1970-01-01,待定
https://ic-distributor.com/panasonic/support/lifetime-calculation-guide,1970-01-01,待定
https://ic-distributor.com/panjit/products/bridge-rectifiers/kbpc2510,1970-01-01,待定
https://ic-distributor.com/panjit/products/bridge-rectifiers/mb6s,1970-01-01,待定
https://ic-distributor.com/panjit/products/fast-recovery-diodes/mur460,1970-01-01,待定
https://ic-distributor.com/panjit/products/fast-recovery-diodes/uf4007,1970-01-01,待定
https://ic-distributor.com/panjit/products/fast-recovery-diodes/uf5408,1970-01-01,待定
https://ic-distributor.com/panjit/products/protection-devices/p6ke15a,1970-01-01,待定
https://ic-distributor.com/panjit/products/schottky-diodes/sk104,1970-01-01,待定
https://ic-distributor.com/panjit/products/schottky-diodes/sk1620,1970-01-01,待定
https://ic-distributor.com/panjit/products/schottky-diodes/sk310,1970-01-01,待定
https://ic-distributor.com/pinesemi/products/igbt-modules/pfc-50a-12,1970-01-01,待定
https://ic-distributor.com/pinesemi/products/sic-diodes/psd2-120h040,1970-01-01,待定
https://ic-distributor.com/pinesemi/products/sic-mosfets/,1970-01-01,待定
https://ic-distributor.com/pinesemi/products/sic-mosfets/psc2m120k042,1970-01-01,待定
https://ic-distributor.com/pinesemi/solutions/ev-charging-solution,1970-01-01,待定
https://ic-distributor.com/pinesemi/support/gate-drive-design-guide,1970-01-01,待定
https://ic-distributor.com/pinesemi/support/protection-design-guide,1970-01-01,待定
https://ic-distributor.com/pinesemi/support/sic-mosfet-selection-guide,1970-01-01,待定
https://ic-distributor.com/power-integrations/products/ac-dc-converters/,1970-01-01,待定
https://ic-distributor.com/power-integrations/products/ac-dc-converters/inn3675c,1970-01-01,待定
https://ic-distributor.com/power-integrations/products/gate-drivers/sic1181k,1970-01-01,待定
https://ic-distributor.com/power-integrations/products/gate-drivers/sid1182k,1970-01-01,待定
https://ic-distributor.com/power-integrations/products/led-drivers/lyt6072c,1970-01-01,待定
https://ic-distributor.com/power-integrations/products/motor-drivers/brd1267c,1970-01-01,待定
https://ic-distributor.com/power-integrations/solutions/motor-drive-solution,1970-01-01,待定
https://ic-distributor.com/pridesilicon/products/data-converters/psa1604,1970-01-01,待定
https://ic-distributor.com/pridesilicon/products/data-converters/psd1612,1970-01-01,待定
https://ic-distributor.com/pridesilicon/products/data-converters/pss2416,1970-01-01,待定
https://ic-distributor.com/pridesilicon/products/motor-drivers/,1970-01-01,待定
https://ic-distributor.com/pridesilicon/products/power-management/psp1203,1970-01-01,待定
https://ic-distributor.com/pridesilicon/products/power-management/psp3406,1970-01-01,待定
https://ic-distributor.com/pridesilicon/products/sensor-interfaces/,1970-01-01,待定
https://ic-distributor.com/pridesilicon/products/sensor-interfaces/psa3001,1970-01-01,待定
https://ic-distributor.com/pridesilicon/solutions/battery-management-system,1970-01-01,待定
https://ic-distributor.com/pridesilicon/support/pcb-layout-guidelines,1970-01-01,待定
https://ic-distributor.com/qinheng/products/interface-bridges/,1970-01-01,待定
https://ic-distributor.com/qinheng/products/interface-bridges/ch341,1970-01-01,待定
https://ic-distributor.com/qinheng/products/interface-bridges/ch347,1970-01-01,待定
https://ic-distributor.com/qinheng/products/interface-bridges/ch9326,1970-01-01,待定
https://ic-distributor.com/qinheng/products/usb-serial-converters/,1970-01-01,待定
https://ic-distributor.com/qinheng/products/usb-serial-converters/ch341a,1970-01-01,待定
https://ic-distributor.com/qinheng/products/wireless-connectivity/ch582,1970-01-01,待定
https://ic-distributor.com/qinheng/solutions/embedded-development-platform,1970-01-01,待定
https://ic-distributor.com/qinheng/support/riscv-mcu-development,1970-01-01,待定
https://ic-distributor.com/rayson/products/,1970-01-01,待定
https://ic-distributor.com/rayson/products/ddr-memory/rs2g168,1970-01-01,待定
https://ic-distributor.com/rayson/products/lpddr-memory/rs2g88l,1970-01-01,待定
https://ic-distributor.com/rayson/support/rayson-memory-debugging-guide,1970-01-01,待定
https://ic-distributor.com/realtek/products/audio-codecs/alc4080,1970-01-01,待定
https://ic-distributor.com/realtek/products/card-readers/rts525a,1970-01-01,待定
https://ic-distributor.com/realtek/products/ethernet-controllers/rtl8111ep-cg,1970-01-01,待定
https://ic-distributor.com/realtek/products/ethernet-controllers/rtl8111h,1970-01-01,待定
https://ic-distributor.com/realtek/products/ethernet-controllers/rtl8153b,1970-01-01,待定
https://ic-distributor.com/realtek/support/,1970-01-01,待定
https://ic-distributor.com/realtek/support/realtek-card-reader-selection-guide,1970-01-01,待定
https://ic-distributor.com/realtek/support/realtek-usb-vs-pcie-ethernet,1970-01-01,待定
https://ic-distributor.com/realtek/support/realtek-wifi-comparison-8821ce-8852be,1970-01-01,待定
https://ic-distributor.com/recom/products/dc-dc-converters/r-78e5-0-1-0,1970-01-01,待定
https://ic-distributor.com/recom/support/emc-design-guide,1970-01-01,待定
https://ic-distributor.com/renesas/products/analog-power/hip2103,1970-01-01,待定
https://ic-distributor.com/renesas/products/motor-drivers/hip4086,1970-01-01,待定
https://ic-distributor.com/renesas/support/getting-started-with-fsp,1970-01-01,待定
https://ic-distributor.com/rivotek/products/ai-hardware-solutions/,1970-01-01,待定
https://ic-distributor.com/rivotek/products/ai-hardware-solutions/rv-smartcam-4k,1970-01-01,待定
https://ic-distributor.com/rivotek/products/ai-operating-system/aios-enterprise,1970-01-01,待定
https://ic-distributor.com/rivotek/products/ai-operating-system/aios-standard,1970-01-01,待定
https://ic-distributor.com/rivotek/products/automotive-intelligent-systems/,1970-01-01,待定
https://ic-distributor.com/rivotek/products/intelligent-computing-platform/,1970-01-01,待定
https://ic-distributor.com/rivotek/solutions/ai-edge-solution,1970-01-01,待定
https://ic-distributor.com/rivotek/solutions/automotive-intelligent-solution,1970-01-01,待定
https://ic-distributor.com/rohm/products/power-modules/rohm-po002,1970-01-01,待定
https://ic-distributor.com/rohm/products/sic-mosfets/,1970-01-01,待定
https://ic-distributor.com/rohm/products/sic-mosfets/sct3017al,1970-01-01,待定
https://ic-distributor.com/rohm/products/sic-mosfets/sct3040kl,1970-01-01,待定
https://ic-distributor.com/rohm/products/sic-mosfets/sct3080kl,1970-01-01,待定
https://ic-distributor.com/rohm/products/sic-schottky-diodes/,1970-01-01,待定
https://ic-distributor.com/rohm/support/gate-drive-design,1970-01-01,待定
https://ic-distributor.com/rorebai/products/,1970-01-01,待定
https://ic-distributor.com/rorebai/products/high-speed-adc/cbm92ad16,1970-01-01,待定
https://ic-distributor.com/rorebai/products/high-speed-adc/cbm94ad67,1970-01-01,待定
https://ic-distributor.com/rorebai/products/high-speed-dac/cbm94da67,1970-01-01,待定
https://ic-distributor.com/rorebai/products/precision-op-amp/cbmopa267,1970-01-01,待定
https://ic-distributor.com/rorebai/products/precision-op-amp/cbmopa802,1970-01-01,待定
https://ic-distributor.com/rorebai/products/rf-transceivers/cbmrf2400,1970-01-01,待定
https://ic-distributor.com/rorebai/products/rf-transceivers/cbmrf5800,1970-01-01,待定
https://ic-distributor.com/rubycon/products/,1970-01-01,待定
https://ic-distributor.com/rubycon/products/radial-lead-capacitors/25yxf1000m10x16,1970-01-01,待定
https://ic-distributor.com/rubycon/products/snap-in-capacitors/,1970-01-01,待定
https://ic-distributor.com/rubycon/products/snap-in-capacitors/200usg4700m35x60,1970-01-01,待定
https://ic-distributor.com/rubycon/support/automotive-capacitor-selection,1970-01-01,待定
https://ic-distributor.com/rubycon/support/capacitor-selection-guide,1970-01-01,待定
https://ic-distributor.com/runic/products/operational-amplifiers/,1970-01-01,待定
https://ic-distributor.com/runic/products/power-management/,1970-01-01,待定
https://ic-distributor.com/runic/products/power-management/rs7118,1970-01-01,待定
https://ic-distributor.com/runic/products/power-management/rs8150,1970-01-01,待定
https://ic-distributor.com/runic/solutions/battery-management-solution,1970-01-01,待定
https://ic-distributor.com/samwha/products/aluminum-electrolytic/wb-series-470uf50v,1970-01-01,待定
https://ic-distributor.com/samwha/products/aluminum-electrolytic/wl-series-4700uf-50v,1970-01-01,待定
https://ic-distributor.com/samwha/products/automotive-capacitors/,1970-01-01,待定
https://ic-distributor.com/samwha/products/film-capacitors/mpf-155k400v,1970-01-01,待定
https://ic-distributor.com/samwha/products/film-capacitors/mpp-10uf-630v,1970-01-01,待定
https://ic-distributor.com/samwha/products/solid-polymer/ph-series-470uf-16v,1970-01-01,待定
https://ic-distributor.com/samwha/solutions/industrial-power-solutions,1970-01-01,待定
https://ic-distributor.com/samwha/support/capacitor-lifetime-calculation,1970-01-01,待定
https://ic-distributor.com/samwha/support/solid-polymer-selection-guide,1970-01-01,待定
https://ic-distributor.com/samxon/products/radial-capacitors/rs-1000uf-25v,1970-01-01,待定
https://ic-distributor.com/samxon/products/radial-capacitors/rs-470uf-50v,1970-01-01,待定
https://ic-distributor.com/samxon/products/smd-capacitors/vt-100uf-16v,1970-01-01,待定
https://ic-distributor.com/samxon/products/smd-capacitors/vt-47uf-35v,1970-01-01,待定
https://ic-distributor.com/samxon/products/snap-in-capacitors/hm-4700uf-200v,1970-01-01,待定
https://ic-distributor.com/samxon/products/snap-in-capacitors/hp-10000uf-400v,1970-01-01,待定
https://ic-distributor.com/samxon/solutions/automotive-electronics-solution,1970-01-01,待定
https://ic-distributor.com/samxon/solutions/led-driver-solution,1970-01-01,待定
https://ic-distributor.com/samxon/support/capacitor-derating-guidelines,1970-01-01,待定
https://ic-distributor.com/samxon/support/capacitor-failure-analysis,1970-01-01,待定
https://ic-distributor.com/samyoung/products/high-temperature-capacitors/,1970-01-01,待定
https://ic-distributor.com/samyoung/products/high-temperature-capacitors/sh-470uf-100v,1970-01-01,待定
https://ic-distributor.com/samyoung/products/radial-lead-capacitors/sr-1000uf-25v,1970-01-01,待定
https://ic-distributor.com/samyoung/products/snap-in-capacitors/,1970-01-01,待定
https://ic-distributor.com/samyoung/products/snap-in-capacitors/snap-4700uf-200v,1970-01-01,待定
https://ic-distributor.com/samyoung/support/samyoung-capacitor-selection-guide,1970-01-01,待定
https://ic-distributor.com/samyoung/support/samyoung-ripple-current-guide,1970-01-01,待定
https://ic-distributor.com/semikron/products/diodes-thyristors/skke-600-16,1970-01-01,待定
https://ic-distributor.com/semikron/products/gate-drivers/skyper-52,1970-01-01,待定
https://ic-distributor.com/semikron/products/igbt-modules/skm100gb12t4,1970-01-01,待定
https://ic-distributor.com/semikron/products/igbt-modules/skm400gb12t4,1970-01-01,待定
https://ic-distributor.com/semikron/products/igbt-modules/skm600gb12t4,1970-01-01,待定
https://ic-distributor.com/semikron/products/skiip-modules/skiip-83ac12t4v1,1970-01-01,待定
https://ic-distributor.com/semikron/support/pcb-layout-guide,1970-01-01,待定
https://ic-distributor.com/semikron/support/power-module-mounting,1970-01-01,待定
https://ic-distributor.com/senodia/products/accelerometer/sca3300,1970-01-01,待定
https://ic-distributor.com/senodia/products/force-sensor/,1970-01-01,待定
https://ic-distributor.com/senodia/products/gyroscope/,1970-01-01,待定
https://ic-distributor.com/senodia/products/gyroscope/scg3300,1970-01-01,待定
https://ic-distributor.com/senodia/products/gyroscope/scg6300,1970-01-01,待定
https://ic-distributor.com/senodia/products/imu/,1970-01-01,待定
https://ic-distributor.com/senodia/products/imu/sim6300,1970-01-01,待定
https://ic-distributor.com/senodia/solutions/,1970-01-01,待定
https://ic-distributor.com/senodia/solutions/vibration-monitoring-system,1970-01-01,待定
https://ic-distributor.com/sgmicro/products/battery-management/sgm4056,1970-01-01,待定
https://ic-distributor.com/sgmicro/products/motor-drivers/sgm42600,1970-01-01,待定
https://ic-distributor.com/sgmicro/solutions/,1970-01-01,待定
https://ic-distributor.com/sgmicro/solutions/industrial-sensor-interface,1970-01-01,待定
https://ic-distributor.com/sgmicro/support/analog-circuit-design-guide,1970-01-01,待定
https://ic-distributor.com/sikor/products/igbts/sl20t65f,1970-01-01,待定
https://ic-distributor.com/sikor/products/sic-devices/slc06s065,1970-01-01,待定
https://ic-distributor.com/sikor/products/sic-devices/slm40n120sic,1970-01-01,待定
https://ic-distributor.com/sikor/support/ev-charging-design-guide,1970-01-01,待定
https://ic-distributor.com/silan/products/mems-sensors/sc7g20,1970-01-01,待定
https://ic-distributor.com/silan/products/power-semiconductors/sgm10n60,1970-01-01,待定
https://ic-distributor.com/silan/solutions/,1970-01-01,待定
https://ic-distributor.com/silan/support/support-2,1970-01-01,待定
https://ic-distributor.com/silergy/products/usb-pd/sy9101,1970-01-01,待定
https://ic-distributor.com/silergy/solutions/,1970-01-01,待定
https://ic-distributor.com/silergy/support/,1970-01-01,待定
https://ic-distributor.com/silergy/support/ac-dc-selection,1970-01-01,待定
https://ic-distributor.com/silicontent/products/charger/xz5001,1970-01-01,待定
https://ic-distributor.com/silicontent/products/charger/xz5003,1970-01-01,待定
https://ic-distributor.com/silicontent/products/dcdc/,1970-01-01,待定
https://ic-distributor.com/silicontent/products/dcdc/xz2105,1970-01-01,待定
https://ic-distributor.com/silicontent/products/dcdc/xz3102,1970-01-01,待定
https://ic-distributor.com/silicontent/products/ldo/xz1002,1970-01-01,待定
https://ic-distributor.com/sindachip/products/led-drivers/sgm6606,1970-01-01,待定
https://ic-distributor.com/sindachip/products/operational-amplifiers/,1970-01-01,待定
https://ic-distributor.com/sindachip/products/operational-amplifiers/sgm8532,1970-01-01,待定
https://ic-distributor.com/sindachip/products/power-management-ics/sgm4151,1970-01-01,待定
https://ic-distributor.com/sindachip/products/voltage-regulators/sgm2019,1970-01-01,待定
https://ic-distributor.com/sindachip/support/led-driver-guide,1970-01-01,待定
https://ic-distributor.com/sinemicro/products/automotive-mcus/,1970-01-01,待定
https://ic-distributor.com/sinemicro/products/integrated-solutions/sim-bcm-01,1970-01-01,待定
https://ic-distributor.com/sinemicro/products/integrated-solutions/sim-mot-01,1970-01-01,待定
https://ic-distributor.com/sinemicro/products/power-devices/sm4010n,1970-01-01,待定
https://ic-distributor.com/sinemicro/products/power-devices/sm4015n,1970-01-01,待定
https://ic-distributor.com/sinemicro/products/power-management/sl7210,1970-01-01,待定
https://ic-distributor.com/sinemicro/products/power-management/sl7333h,1970-01-01,待定
https://ic-distributor.com/sinemicro/solutions/,1970-01-01,待定
https://ic-distributor.com/sinemicro/solutions/motor-control-solution,1970-01-01,待定
https://ic-distributor.com/sinofuse/products/energy-storage-fuses/,1970-01-01,待定
https://ic-distributor.com/sinofuse/products/energy-storage-fuses/ess-1500-250a,1970-01-01,待定
https://ic-distributor.com/sinofuse/products/energy-storage-fuses/ess-1500-400a,1970-01-01,待定
https://ic-distributor.com/sinofuse/products/industrial-fuses/,1970-01-01,待定
https://ic-distributor.com/sinofuse/products/industrial-fuses/ind-500-250a,1970-01-01,待定
https://ic-distributor.com/sinofuse/products/industrial-fuses/ind-500-63a,1970-01-01,待定
https://ic-distributor.com/sinofuse/products/industrial-fuses/ind-690-100a,1970-01-01,待定
https://ic-distributor.com/sinofuse/products/photovoltaic-fuses/pv-1500-30a,1970-01-01,待定
https://ic-distributor.com/sinofuse/solutions/ev-battery-protection,1970-01-01,待定
https://ic-distributor.com/sinofuse/support/energy-storage-fuse-selection,1970-01-01,待定
https://ic-distributor.com/sinofuse/support/ev-fuse-selection-guide,1970-01-01,待定
https://ic-distributor.com/sk-hynix/products/dram/hmaa8g8majr8n-xn,1970-01-01,待定
https://ic-distributor.com/sk-hynix/products/hbm/hbm3-16gb,1970-01-01,待定
https://ic-distributor.com/sk-hynix/products/hbm/hbm3-24gb,1970-01-01,待定
https://ic-distributor.com/sk-hynix/products/ssd/pe8010,1970-01-01,待定
https://ic-distributor.com/sk-hynix/products/ssd/pe8030,1970-01-01,待定
https://ic-distributor.com/sk-hynix/products/ssd/sc401,1970-01-01,待定
https://ic-distributor.com/sk-hynix/solutions/data-center-memory,1970-01-01,待定
https://ic-distributor.com/sk-hynix/support/dram-selection-guide,1970-01-01,待定
https://ic-distributor.com/skyworks/products/iot-solutions/,1970-01-01,待定
https://ic-distributor.com/skyworks/products/iot-solutions/sky68003-11,1970-01-01,待定
https://ic-distributor.com/skyworks/products/iot-solutions/sky68011-31,1970-01-01,待定
https://ic-distributor.com/skyworks/products/power-amplifiers/,1970-01-01,待定
https://ic-distributor.com/skyworks/products/power-amplifiers/sky77643-11,1970-01-01,待定
https://ic-distributor.com/skyworks/products/rf-front-end/,1970-01-01,待定
https://ic-distributor.com/skyworks/products/rf-switches/sky13384-350lf,1970-01-01,待定
https://ic-distributor.com/skyworks/products/rf-switches/sky13416-485lf,1970-01-01,待定
https://ic-distributor.com/skyworks/products/rf-switches/sky13453-385lf,1970-01-01,待定
https://ic-distributor.com/skyworks/solutions/iot-connectivity-solution,1970-01-01,待定
https://ic-distributor.com/skyworks/support/automotive-rf-design,1970-01-01,待定
https://ic-distributor.com/smartsens/products/automotive-image-sensors/sc100ai,1970-01-01,待定
https://ic-distributor.com/smartsens/products/automotive-image-sensors/sc200ai,1970-01-01,待定
https://ic-distributor.com/smartsens/products/automotive-image-sensors/sc820,1970-01-01,待定
https://ic-distributor.com/smartsens/products/consumer-electronics-sensors/,1970-01-01,待定
https://ic-distributor.com/smartsens/products/industrial-machine-vision-sensors/sc201cs,1970-01-01,待定
https://ic-distributor.com/smartsens/products/security-surveillance-sensors/sc2336,1970-01-01,待定
https://ic-distributor.com/smartsens/products/security-surveillance-sensors/sc830ai,1970-01-01,待定
https://ic-distributor.com/smartsens/support/sensor-interface-design-guide,1970-01-01,待定
https://ic-distributor.com/songle/products/automotive-relays/sv-12vdc-dl-c,1970-01-01,待定
https://ic-distributor.com/songle/products/power-relays/sle-48vdc-sl-a,1970-01-01,待定
https://ic-distributor.com/songle/products/signal-relays/,1970-01-01,待定
https://ic-distributor.com/songle/products/signal-relays/sra-12vdc-cl,1970-01-01,待定
https://ic-distributor.com/songle/products/solid-state-relays/,1970-01-01,待定
https://ic-distributor.com/songle/solutions/automotive-power-distribution,1970-01-01,待定
https://ic-distributor.com/songle/support/relay-application-guidelines,1970-01-01,待定
https://ic-distributor.com/songle/support/signal-relay-selection,1970-01-01,待定
https://ic-distributor.com/songle/support/ssr-selection,1970-01-01,待定
https://ic-distributor.com/southchip/products/battery-charger-ics/sc8905,1970-01-01,待定
https://ic-distributor.com/southchip/products/battery-charger-ics/sc9017,1970-01-01,待定
https://ic-distributor.com/southchip/products/dc-dc-converters/sc8103,1970-01-01,待定
https://ic-distributor.com/southchip/products/dc-dc-converters/sc8305,1970-01-01,待定
https://ic-distributor.com/southchip/products/fuel-gauge-ics/sc2750,1970-01-01,待定
https://ic-distributor.com/southchip/products/fuel-gauge-ics/sc2770,1970-01-01,待定
https://ic-distributor.com/southchip/products/power-path-management/sc5310,1970-01-01,待定
https://ic-distributor.com/southchip/products/power-path-management/sc5325,1970-01-01,待定
https://ic-distributor.com/southchip/support/dc-dc-converter-design,1970-01-01,待定
https://ic-distributor.com/southchip/support/fuel-gauge-integration-guide,1970-01-01,待定
https://ic-distributor.com/st/products/analog-ics/,1970-01-01,待定
https://ic-distributor.com/st/products/analog-ics/tl431aidbzr,1970-01-01,待定
https://ic-distributor.com/st/products/microcontrollers/stm32h743vit6,1970-01-01,待定
https://ic-distributor.com/st/support/st-mcu-selection-guide,1970-01-01,待定
https://ic-distributor.com/starpower/products/igbt-modules/gd100hfl120c2s,1970-01-01,待定
https://ic-distributor.com/starpower/products/igbt-modules/gd600hft120c3s,1970-01-01,待定
https://ic-distributor.com/starpower/products/rectifier-modules/,1970-01-01,待定
https://ic-distributor.com/starpower/products/rectifier-modules/gdt200a16,1970-01-01,待定
https://ic-distributor.com/starpower/products/sic-modules/gds100m12b1,1970-01-01,待定
https://ic-distributor.com/starpower/products/sic-modules/gds50m12b1,1970-01-01,待定
https://ic-distributor.com/starpower/products/sic-modules/gds65m12b1,1970-01-01,待定
https://ic-distributor.com/starpower/solutions/ev-charging-solution,1970-01-01,待定
https://ic-distributor.com/starpower/support/how-to-select-starpower-igbt,1970-01-01,待定
https://ic-distributor.com/starrystonetech/products/gate-drivers/sgd1022,1970-01-01,待定
https://ic-distributor.com/sunlord/products/chip-beads/gz2012d601tf,1970-01-01,待定
https://ic-distributor.com/sunlord/products/common-mode-chokes/acm7060-701-2p,1970-01-01,待定
https://ic-distributor.com/sunlord/products/multilayer-ceramic-capacitors/,1970-01-01,待定
https://ic-distributor.com/sunlord/products/multilayer-ceramic-capacitors/sd105x104k101t,1970-01-01,待定
https://ic-distributor.com/sunlord/products/multilayer-ceramic-capacitors/sh21b106k500t,1970-01-01,待定
https://ic-distributor.com/sunlord/products/power-inductors/,1970-01-01,待定
https://ic-distributor.com/sunlord/products/power-inductors/swpa6045s100mt,1970-01-01,待定
https://ic-distributor.com/sunlord/support/common-mode-choke-guide,1970-01-01,待定
https://ic-distributor.com/superchip/products/dcdc/tc1509,1970-01-01,待定
https://ic-distributor.com/tdk-lambda/products/dc-dc-converters/,1970-01-01,待定
https://ic-distributor.com/tdk-lambda/products/dc-dc-converters/ccg30-48-12s,1970-01-01,待定
https://ic-distributor.com/tdk-lambda/products/programmable-power/,1970-01-01,待定
https://ic-distributor.com/tdk-lambda/solutions/industrial-automation-power,1970-01-01,待定
https://ic-distributor.com/tdk-lambda/solutions/medical-power-system,1970-01-01,待定
https://ic-distributor.com/tdk/products/aluminum-electrolytic-capacitors/b43501a9107m,1970-01-01,待定
https://ic-distributor.com/tdk/products/film-capacitors/b32652a1154j,1970-01-01,待定
https://ic-distributor.com/tdk/products/inductors/slf7055t-100m2r0-pf,1970-01-01,待定
https://ic-distributor.com/tdk/solutions/industrial-power-supplies,1970-01-01,待定
https://ic-distributor.com/tdk/support/inductor-selection-guide,1970-01-01,待定
https://ic-distributor.com/tdk/support/mlcc-selection-guide,1970-01-01,待定
https://ic-distributor.com/ti/products/sensors/tmp117,1970-01-01,待定
https://ic-distributor.com/ti/solutions/digital-power-supply,1970-01-01,待定
https://ic-distributor.com/ti/support/,1970-01-01,待定
https://ic-distributor.com/tianbo/products/automotive-relays/hjr-78f-24vdc,1970-01-01,待定
https://ic-distributor.com/tianbo/products/high-voltage-dc-relays/,1970-01-01,待定
https://ic-distributor.com/tianbo/products/high-voltage-dc-relays/trna-270-24vdc,1970-01-01,待定
https://ic-distributor.com/tianbo/products/power-relays/tra4-12vdc-s-h,1970-01-01,待定
https://ic-distributor.com/tianbo/products/signal-relays/,1970-01-01,待定
https://ic-distributor.com/tianbo/support/relay-selection-guide,1970-01-01,待定
https://ic-distributor.com/unisemicon/products/mcu/,1970-01-01,待定
https://ic-distributor.com/unisemicon/products/nor-flash/un25n064,1970-01-01,待定
https://ic-distributor.com/unisemicon/products/nor-flash/unisemicon-nor-003,1970-01-01,待定
https://ic-distributor.com/unisemicon/support/technical-reference---unisemicon,1970-01-01,待定
https://ic-distributor.com/unisoc/products/fpga/usc9001,1970-01-01,待定
https://ic-distributor.com/unisoc/solutions/motor-control-drive,1970-01-01,待定
https://ic-distributor.com/unisoc/support/fpga-timing-constraints,1970-01-01,待定
https://ic-distributor.com/unisplendour/products/industrial-control/usmd2208,1970-01-01,待定
https://ic-distributor.com/unisplendour/products/power-management/,1970-01-01,待定
https://ic-distributor.com/unisplendour/products/smart-card-ics/,1970-01-01,待定
https://ic-distributor.com/unisplendour/products/smart-card-ics/thd89,1970-01-01,待定
https://ic-distributor.com/unisplendour/solutions/,1970-01-01,待定
https://ic-distributor.com/unisplendour/solutions/smart-metering-solution,1970-01-01,待定
https://ic-distributor.com/vanchip/support/vanchip-matching-guide,1970-01-01,待定
https://ic-distributor.com/vicor/products/vi-chip-modules/prm48nf480t200a00,1970-01-01,待定
https://ic-distributor.com/vicor/support/thermal-design-guide,1970-01-01,待定
https://ic-distributor.com/vishay/solutions/automotive-resistor-solutions,1970-01-01,待定
https://ic-distributor.com/vishay/support/automotive-design-considerations,1970-01-01,待定
https://ic-distributor.com/vishay/support/power-dissipation-calculations,1970-01-01,待定
https://ic-distributor.com/walsin/products/mlcc/,1970-01-01,待定
https://ic-distributor.com/will/products/power-management-ics/wl2801,1970-01-01,待定
https://ic-distributor.com/will/products/signal-chain-products/ws3210,1970-01-01,待定
https://ic-distributor.com/will/products/signal-chain-products/ws4664,1970-01-01,待定
https://ic-distributor.com/will/solutions/camera-module-solution,1970-01-01,待定
https://ic-distributor.com/wurth/products/capacitors/890334024005,1970-01-01,待定
https://ic-distributor.com/wurth/products/inductors/74437349100,1970-01-01,待定
https://ic-distributor.com/wurth/products/inductors/74437349220,1970-01-01,待定
https://ic-distributor.com/wurth/products/inductors/7447602100,1970-01-01,待定
https://ic-distributor.com/wurth/products/inductors/7447602220,1970-01-01,待定
https://ic-distributor.com/wurth/solutions/ethernet-interface-solution,1970-01-01,待定
https://ic-distributor.com/xghc/products/crystal-resonators/,1970-01-01,待定
https://ic-distributor.com/xghc/support/xghc-load-capacitance-guide,1970-01-01,待定
https://ic-distributor.com/xghc/support/xghc-pcb-layout-guide,1970-01-01,待定
https://ic-distributor.com/xhsc/products/interface-ics/xhsc-rs485-500k,1970-01-01,待定
https://ic-distributor.com/xhsc/products/mcu/data-pending,1970-01-01,待定
https://ic-distributor.com/xhsc/support/power-supply-design,1970-01-01,待定
https://ic-distributor.com/xilinx/products/alveo/,1970-01-01,待定
https://ic-distributor.com/xilinx/products/alveo/alveo-u50,1970-01-01,待定
https://ic-distributor.com/xilinx/products/versal/,1970-01-01,待定
https://ic-distributor.com/xilinx/products/versal/xcve2802-2lsevsvd1760,1970-01-01,待定
https://ic-distributor.com/xilinx/products/versal/xcvm1802-2lsevsvd1760,1970-01-01,待定
https://ic-distributor.com/xilinx/solutions/5g-baseband-processing,1970-01-01,待定
https://ic-distributor.com/xilinx/solutions/data-center-acceleration,1970-01-01,待定
https://ic-distributor.com/xilinx/support/alveo-data-center-deployment,1970-01-01,待定
https://ic-distributor.com/xinbole/products/interface-ics/,1970-01-01,待定
https://ic-distributor.com/xinbole/products/motor-driver-ics/xb-d5612,1970-01-01,待定
https://ic-distributor.com/xinbole/products/power-management-ics/,1970-01-01,待定
https://ic-distributor.com/xinbole/solutions/industrial-power-system,1970-01-01,待定
https://ic-distributor.com/xinbole/support/motor-driver-selection,1970-01-01,待定
https://ic-distributor.com/xinleineng/products/igbt-modules/xln75t120,1970-01-01,待定
https://ic-distributor.com/xinleineng/products/intelligent-power-modules/,1970-01-01,待定
https://ic-distributor.com/xinleineng/products/intelligent-power-modules/xln-ipm30a,1970-01-01,待定
https://ic-distributor.com/xinleineng/products/rectifier-modules/xln-rect100a,1970-01-01,待定
https://ic-distributor.com/xinleineng/solutions/industrial-control-solution-1,1970-01-01,待定
https://ic-distributor.com/xinleineng/support/parallel-operation-of-power-modules,1970-01-01,待定
https://ic-distributor.com/xinzhou/products/battery-chargers/xz5001,1970-01-01,待定
https://ic-distributor.com/xinzhou/products/battery-chargers/xz5002,1970-01-01,待定
https://ic-distributor.com/xinzhou/products/battery-chargers/xz5102,1970-01-01,待定
https://ic-distributor.com/xinzhou/products/dcdc-converters/xz1006,1970-01-01,待定
https://ic-distributor.com/xinzhou/products/ldo-regulators/xz3001,1970-01-01,待定
https://ic-distributor.com/xinzhou/products/ldo-regulators/xz3104,1970-01-01,待定
https://ic-distributor.com/xinzhou/products/power-modules/xz7102,1970-01-01,待定
https://ic-distributor.com/ymtc/support/ymtc-ssd-design-guide,1970-01-01,待定
https://ic-distributor.com/ymtc/support/ymtc-thermal-design-guide,1970-01-01,待定
https://ic-distributor.com/yxc/products/crystal-resonators/,1970-01-01,待定
https://ic-distributor.com/yxc/products/crystal-resonators/yxc-3225-25m,1970-01-01,待定
https://ic-distributor.com/yxc/support/crystal-troubleshooting,1970-01-01,待定
https://ic-distributor.com/zlg-power/products/custom-power/custom-dc-100w,1970-01-01,待定
https://ic-distributor.com/zlg-power/products/isolated-dc-dc/,1970-01-01,待定
https://ic-distributor.com/zlg-power/support/power-reliability-basics,1970-01-01,待定
https://ic-distributor.com/zlg-power/support/thermal-design-guide,1970-01-01,待定